areaCode,areaName,areaType,date,newCasesByPublishDate,newCasesBySpecimenDate,newCasesBySpecimenDateRollingSum
E12000007,London,region,2022-04-01,7514,,
E12000007,London,region,2022-03-31,7254,2757,
E12000007,London,region,2022-03-30,9905,6283,
E12000007,London,region,2022-03-29,7276,8051,
E12000007,London,region,2022-03-28,23771,9389,
E12000007,London,region,2022-03-27,0,6866,59764
E12000007,London,region,2022-03-26,0,6321,60524
E12000007,London,region,2022-03-25,7117,7546,60807
E12000007,London,region,2022-03-24,9722,8509,60992
E12000007,London,region,2022-03-23,10338,9676,61088
E12000007,London,region,2022-03-22,8420,10013,60640
E12000007,London,region,2022-03-21,23364,10833,59961
E12000007,London,region,2022-03-20,0,7626,58997
E12000007,London,region,2022-03-19,0,6604,58566
E12000007,London,region,2022-03-18,8430,7731,58224
E12000007,London,region,2022-03-17,9490,8605,57293
E12000007,London,region,2022-03-16,9644,9228,55997
E12000007,London,region,2022-03-15,7660,9334,54453
E12000007,London,region,2022-03-14,21163,9869,52326
E12000007,London,region,2022-03-13,0,7195,49448
E12000007,London,region,2022-03-12,0,6262,47268
E12000007,London,region,2022-03-11,7412,6800,45224
E12000007,London,region,2022-03-10,7479,7309,43027
E12000007,London,region,2022-03-09,6706,7684,40639
E12000007,London,region,2022-03-08,5951,7207,38141
E12000007,London,region,2022-03-07,14043,6991,35750
E12000007,London,region,2022-03-06,0,5015,33625
E12000007,London,region,2022-03-05,0,4218,31811
E12000007,London,region,2022-03-04,4959,4603,30254
E12000007,London,region,2022-03-03,4900,4921,28713
E12000007,London,region,2022-03-02,4917,5186,27250
E12000007,London,region,2022-03-01,3950,4816,26221
E12000007,London,region,2022-02-28,9130,4866,26052
E12000007,London,region,2022-02-27,0,3201,26599
E12000007,London,region,2022-02-26,0,2661,28016
E12000007,London,region,2022-02-25,3929,3062,29776
E12000007,London,region,2022-02-24,4434,3458,30122
E12000007,London,region,2022-02-23,4890,4157,31953
E12000007,London,region,2022-02-22,4856,4647,33846
E12000007,London,region,2022-02-21,4971,5413,34975
E12000007,London,region,2022-02-20,3382,4618,35615
E12000007,London,region,2022-02-19,4821,4421,35384
E12000007,London,region,2022-02-18,5582,3408,35306
E12000007,London,region,2022-02-17,5921,5289,37196
E12000007,London,region,2022-02-16,6153,6050,38355
E12000007,London,region,2022-02-15,5174,5776,40097
E12000007,London,region,2022-02-14,4347,6053,42705
E12000007,London,region,2022-02-13,4864,4387,45679
E12000007,London,region,2022-02-12,5775,4343,48361
E12000007,London,region,2022-02-11,7102,5298,50468
E12000007,London,region,2022-02-10,7933,6448,52708
E12000007,London,region,2022-02-09,8902,7792,55478
E12000007,London,region,2022-02-08,8009,8384,58390
E12000007,London,region,2022-02-07,6826,9027,61076
E12000007,London,region,2022-02-06,6918,7069,63996
E12000007,London,region,2022-02-05,8295,6450,66762
E12000007,London,region,2022-02-04,10851,7538,69037
E12000007,London,region,2022-02-03,10910,9218,71405
E12000007,London,region,2022-02-02,11076,10704,73755
E12000007,London,region,2022-02-01,18514,11070,76128
E12000007,London,region,2022-01-31,128076,11947,78296
E12000007,London,region,2022-01-30,8411,9835,80754
E12000007,London,region,2022-01-29,9581,8725,82262
E12000007,London,region,2022-01-28,11306,9906,83174
E12000007,London,region,2022-01-27,11694,11568,83977
E12000007,London,region,2022-01-26,12727,13077,84428
E12000007,London,region,2022-01-25,10810,13238,84366
E12000007,London,region,2022-01-24,9918,14405,84999
E12000007,London,region,2022-01-23,9326,11343,85714
E12000007,London,region,2022-01-22,10009,9637,85615
E12000007,London,region,2022-01-21,11887,10709,85500
E12000007,London,region,2022-01-20,14774,12019,85294
E12000007,London,region,2022-01-19,13328,13015,85086
E12000007,London,region,2022-01-18,11116,13871,85007
E12000007,London,region,2022-01-17,9775,15120,85552
E12000007,London,region,2022-01-16,9612,11244,87052
E12000007,London,region,2022-01-15,10601,9522,87927
E12000007,London,region,2022-01-14,12491,10503,90574
E12000007,London,region,2022-01-13,13938,11811,95243
E12000007,London,region,2022-01-12,15453,12936,105616
E12000007,London,region,2022-01-11,12309,14416,117908
E12000007,London,region,2022-01-10,15235,16620,135582
E12000007,London,region,2022-01-09,16493,12119,145908
E12000007,London,region,2022-01-08,20853,12169,155701
E12000007,London,region,2022-01-07,21558,15172,157152
E12000007,London,region,2022-01-06,21854,22184,164173
E12000007,London,region,2022-01-05,22558,25228,171429
E12000007,London,region,2022-01-04,21527,32090,183120
E12000007,London,region,2022-01-03,20080,26946,179219
E12000007,London,region,2022-01-02,19951,21912,180328
E12000007,London,region,2022-01-01,27608,13620,177163
E12000007,London,region,2021-12-31,24865,22193,174713
E12000007,London,region,2021-12-30,24320,29440,176620
E12000007,London,region,2021-12-29,22727,36919,178249
E12000007,London,region,2021-12-28,22981,28189,173491
E12000007,London,region,2021-12-27,22224,28055,179237
E12000007,London,region,2021-12-26,22348,18747,183849
E12000007,London,region,2021-12-25,25378,11170,187708
E12000007,London,region,2021-12-24,26342,24100,201493
E12000007,London,region,2021-12-23,26307,31069,204554
E12000007,London,region,2021-12-22,27799,32161,203533
E12000007,London,region,2021-12-21,20491,33935,202380
E12000007,London,region,2021-12-20,22750,32667,198008
E12000007,London,region,2021-12-19,21594,22606,188181
E12000007,London,region,2021-12-18,25551,24955,177828
E12000007,London,region,2021-12-17,26608,27161,162760
E12000007,London,region,2021-12-16,23272,30048,145812
E12000007,London,region,2021-12-15,19294,31008,126089
E12000007,London,region,2021-12-14,12832,29563,105102
E12000007,London,region,2021-12-13,11791,22840,84622
E12000007,London,region,2021-12-12,9959,12253,70336
E12000007,London,region,2021-12-11,8537,9887,63601
E12000007,London,region,2021-12-10,9988,10213,59046
E12000007,London,region,2021-12-09,7761,10325,54925
E12000007,London,region,2021-12-08,6988,10021,51119
E12000007,London,region,2021-12-07,5987,9083,48146
E12000007,London,region,2021-12-06,6333,8554,45894
E12000007,London,region,2021-12-05,4713,5518,44195
E12000007,London,region,2021-12-04,6112,5332,43058
E12000007,London,region,2021-12-03,6741,6092,42061
E12000007,London,region,2021-12-02,6901,6519,40576
E12000007,London,region,2021-12-01,5668,7048,39240
E12000007,London,region,2021-11-30,4653,6831,37592
E12000007,London,region,2021-11-29,5089,6855,36049
E12000007,London,region,2021-11-28,3716,4381,34599
E12000007,London,region,2021-11-27,5079,4335,34049
E12000007,London,region,2021-11-26,5830,4607,33415
E12000007,London,region,2021-11-25,5319,5183,32750
E12000007,London,region,2021-11-24,4457,5400,32066
E12000007,London,region,2021-11-23,4261,5288,31166
E12000007,London,region,2021-11-22,4347,5405,30332
E12000007,London,region,2021-11-21,4536,3831,30074
E12000007,London,region,2021-11-20,4231,3701,29501
E12000007,London,region,2021-11-19,4358,3942,29035
E12000007,London,region,2021-11-18,4924,4499,28778
E12000007,London,region,2021-11-17,2993,4500,28201
E12000007,London,region,2021-11-16,3194,4454,27830
E12000007,London,region,2021-11-15,3343,5147,27384
E12000007,London,region,2021-11-14,3652,3258,26228
E12000007,London,region,2021-11-13,4088,3235,25784
E12000007,London,region,2021-11-12,3590,3685,25086
E12000007,London,region,2021-11-11,4136,3922,24183
E12000007,London,region,2021-11-10,3471,4129,23337
E12000007,London,region,2021-11-09,2845,4008,22497
E12000007,London,region,2021-11-08,2735,3991,21941
E12000007,London,region,2021-11-07,2736,2814,21865
E12000007,London,region,2021-11-06,2950,2537,22050
E12000007,London,region,2021-11-05,2993,2782,22419
E12000007,London,region,2021-11-04,3115,3076,23087
E12000007,London,region,2021-11-03,3720,3289,23627
E12000007,London,region,2021-11-02,2935,3452,24092
E12000007,London,region,2021-11-01,3322,3915,24153
E12000007,London,region,2021-10-31,3014,2999,24260
E12000007,London,region,2021-10-30,3555,2906,24097
E12000007,London,region,2021-10-29,3615,3450,24084
E12000007,London,region,2021-10-28,3473,3616,24157
E12000007,London,region,2021-10-27,3801,3754,24509
E12000007,London,region,2021-10-26,3225,3513,25116
E12000007,London,region,2021-10-25,3118,4022,26058
E12000007,London,region,2021-10-24,3279,2836,26602
E12000007,London,region,2021-10-23,4435,2893,27127
E12000007,London,region,2021-10-22,3928,3523,27040
E12000007,London,region,2021-10-21,4342,3968,26838
E12000007,London,region,2021-10-20,3648,4361,26340
E12000007,London,region,2021-10-19,3317,4455,25550
E12000007,London,region,2021-10-18,3806,4566,24516
E12000007,London,region,2021-10-17,3448,3361,23837
E12000007,London,region,2021-10-16,3485,2806,23257
E12000007,London,region,2021-10-15,3301,3321,22938
E12000007,London,region,2021-10-14,2947,3470,22317
E12000007,London,region,2021-10-13,3271,3571,21819
E12000007,London,region,2021-10-12,2748,3421,21110
E12000007,London,region,2021-10-11,3050,3887,20812
E12000007,London,region,2021-10-10,2855,2781,20288
E12000007,London,region,2021-10-09,2589,2487,20077
E12000007,London,region,2021-10-08,2942,2700,19791
E12000007,London,region,2021-10-07,3077,2972,19322
E12000007,London,region,2021-10-06,2890,2862,18995
E12000007,London,region,2021-10-05,3135,3123,18959
E12000007,London,region,2021-10-04,2665,3363,18676
E12000007,London,region,2021-10-03,2274,2570,18827
E12000007,London,region,2021-10-02,2344,2201,18809
E12000007,London,region,2021-10-01,2195,2231,18941
E12000007,London,region,2021-09-30,2439,2645,19145
E12000007,London,region,2021-09-29,3072,2826,19292
E12000007,London,region,2021-09-28,2831,2840,19333
E12000007,London,region,2021-09-27,2960,3514,19462
E12000007,London,region,2021-09-26,2260,2552,19125
E12000007,London,region,2021-09-25,3074,2333,18951
E12000007,London,region,2021-09-24,2783,2435,18783
E12000007,London,region,2021-09-23,2494,2792,18763
E12000007,London,region,2021-09-22,2593,2867,18365
E12000007,London,region,2021-09-21,2450,2969,17975
E12000007,London,region,2021-09-20,2647,3177,17647
E12000007,London,region,2021-09-19,2402,2378,17330
E12000007,London,region,2021-09-18,2179,2165,17016
E12000007,London,region,2021-09-17,2597,2415,17078
E12000007,London,region,2021-09-16,2620,2394,17230
E12000007,London,region,2021-09-15,2588,2477,17641
E12000007,London,region,2021-09-14,2073,2641,18378
E12000007,London,region,2021-09-13,2673,2860,19199
E12000007,London,region,2021-09-12,2239,2064,20231
E12000007,London,region,2021-09-11,2857,2227,20873
E12000007,London,region,2021-09-10,3025,2567,21402
E12000007,London,region,2021-09-09,3439,2805,22365
E12000007,London,region,2021-09-08,3536,3214,23370
E12000007,London,region,2021-09-07,2972,3462,23833
E12000007,London,region,2021-09-06,2853,3892,24181
E12000007,London,region,2021-09-05,3641,2706,23162
E12000007,London,region,2021-09-04,3593,2756,22742
E12000007,London,region,2021-09-03,3530,3530,22631
E12000007,London,region,2021-09-02,3377,3810,22240
E12000007,London,region,2021-09-01,2834,3677,21676
E12000007,London,region,2021-08-31,2409,3810,21524
E12000007,London,region,2021-08-30,2751,2873,21230
E12000007,London,region,2021-08-29,2517,2286,22013
E12000007,London,region,2021-08-28,3272,2645,22448
E12000007,London,region,2021-08-27,3355,3139,22530
E12000007,London,region,2021-08-26,3472,3246,22558
E12000007,London,region,2021-08-25,3544,3525,22937
E12000007,London,region,2021-08-24,2782,3516,23215
E12000007,London,region,2021-08-23,2754,3656,23523
E12000007,London,region,2021-08-22,2977,2721,23793
E12000007,London,region,2021-08-21,3424,2727,23831
E12000007,London,region,2021-08-20,4093,3167,24052
E12000007,London,region,2021-08-19,3272,3625,24646
E12000007,London,region,2021-08-18,3489,3803,25038
E12000007,London,region,2021-08-17,3032,3824,25604
E12000007,London,region,2021-08-16,3166,3926,25708
E12000007,London,region,2021-08-15,3157,2759,25659
E12000007,London,region,2021-08-14,3870,2948,25813
E12000007,London,region,2021-08-13,4249,3761,25880
E12000007,London,region,2021-08-12,4005,4017,25849
E12000007,London,region,2021-08-11,3736,4369,26127
E12000007,London,region,2021-08-10,2844,3928,26052
E12000007,London,region,2021-08-09,2985,3877,26145
E12000007,London,region,2021-08-08,3662,2913,26255
E12000007,London,region,2021-08-07,3898,3015,26035
E12000007,London,region,2021-08-06,4409,3730,25689
E12000007,London,region,2021-08-05,3768,4295,25315
E12000007,London,region,2021-08-04,3876,4294,24921
E12000007,London,region,2021-08-03,2978,4021,24591
E12000007,London,region,2021-08-02,2719,3987,24475
E12000007,London,region,2021-08-01,3121,2693,24530
E12000007,London,region,2021-07-31,3686,2669,24718
E12000007,London,region,2021-07-30,3753,3356,25166
E12000007,London,region,2021-07-29,4333,3901,25737
E12000007,London,region,2021-07-28,3340,3964,26149
E12000007,London,region,2021-07-27,3227,3905,26968
E12000007,London,region,2021-07-26,3056,4042,28222
E12000007,London,region,2021-07-25,3926,2881,30315
E12000007,London,region,2021-07-24,4557,3117,31957
E12000007,London,region,2021-07-23,5187,3927,33919
E12000007,London,region,2021-07-22,4463,4313,37128
E12000007,London,region,2021-07-21,5763,4783,40632
E12000007,London,region,2021-07-20,7086,5159,42422
E12000007,London,region,2021-07-19,3940,6135,42572
E12000007,London,region,2021-07-18,5451,4523,41405
E12000007,London,region,2021-07-17,6592,5079,40165
E12000007,London,region,2021-07-16,6296,7136,38336
E12000007,London,region,2021-07-15,5743,7817,34854
E12000007,London,region,2021-07-14,4751,6573,30723
E12000007,London,region,2021-07-13,4126,5309,28650
E12000007,London,region,2021-07-12,4201,4968,27363
E12000007,London,region,2021-07-11,3669,3283,26255
E12000007,London,region,2021-07-10,4131,3250,25605
E12000007,London,region,2021-07-09,3046,3654,25037
E12000007,London,region,2021-07-08,3234,3686,24327
E12000007,London,region,2021-07-07,3314,4500,23739
E12000007,London,region,2021-07-06,3633,4022,22321
E12000007,London,region,2021-07-05,3343,3860,21295
E12000007,London,region,2021-07-04,2218,2633,20308
E12000007,London,region,2021-07-03,2531,2682,19565
E12000007,London,region,2021-07-02,2651,2944,18605
E12000007,London,region,2021-07-01,2705,3098,17718
E12000007,London,region,2021-06-30,2598,3082,16579
E12000007,London,region,2021-06-29,2069,2996,15468
E12000007,London,region,2021-06-28,2306,2873,14259
E12000007,London,region,2021-06-27,1493,1890,13040
E12000007,London,region,2021-06-26,1993,1722,12121
E12000007,London,region,2021-06-25,1699,2057,11323
E12000007,London,region,2021-06-24,1731,1959,10304
E12000007,London,region,2021-06-23,1609,1971,9645
E12000007,London,region,2021-06-22,1066,1787,8837
E12000007,London,region,2021-06-21,1023,1654,8349
E12000007,London,region,2021-06-20,886,971,7903
E12000007,London,region,2021-06-19,1172,924,7699
E12000007,London,region,2021-06-18,1200,1038,7547
E12000007,London,region,2021-06-17,1225,1300,7447
E12000007,London,region,2021-06-16,1168,1163,7143
E12000007,London,region,2021-06-15,813,1299,7057
E12000007,London,region,2021-06-14,778,1208,6853
E12000007,London,region,2021-06-13,932,767,6662
E12000007,London,region,2021-06-12,962,772,6562
E12000007,London,region,2021-06-11,948,938,6388
E12000007,London,region,2021-06-10,1058,996,6152
E12000007,London,region,2021-06-09,994,1077,5953
E12000007,London,region,2021-06-08,773,1095,5690
E12000007,London,region,2021-06-07,601,1017,5308
E12000007,London,region,2021-06-06,635,667,4806
E12000007,London,region,2021-06-05,702,598,4540
E12000007,London,region,2021-06-04,820,702,4327
E12000007,London,region,2021-06-03,669,797,4055
E12000007,London,region,2021-06-02,573,814,3778
E12000007,London,region,2021-06-01,384,713,3449
E12000007,London,region,2021-05-31,381,515,3160
E12000007,London,region,2021-05-30,355,401,3025
E12000007,London,region,2021-05-29,485,385,2905
E12000007,London,region,2021-05-28,495,430,2769
E12000007,London,region,2021-05-27,403,520,2612
E12000007,London,region,2021-05-26,323,485,2421
E12000007,London,region,2021-05-25,295,424,2296
E12000007,London,region,2021-05-24,310,380,2201
E12000007,London,region,2021-05-23,233,281,2161
E12000007,London,region,2021-05-22,309,249,2104
E12000007,London,region,2021-05-21,355,273,2049
E12000007,London,region,2021-05-20,306,329,2027
E12000007,London,region,2021-05-19,262,360,1961
E12000007,London,region,2021-05-18,0,329,1834
E12000007,London,region,2021-05-17,212,340,1803
E12000007,London,region,2021-05-16,217,224,1825
E12000007,London,region,2021-05-15,252,194,1888
E12000007,London,region,2021-05-14,287,251,1885
E12000007,London,region,2021-05-13,299,263,1871
E12000007,London,region,2021-05-12,277,233,1908
E12000007,London,region,2021-05-11,352,298,1958
E12000007,London,region,2021-05-10,273,362,1976
E12000007,London,region,2021-05-09,238,287,1864
E12000007,London,region,2021-05-08,253,191,1760
E12000007,London,region,2021-05-07,333,237,1756
E12000007,London,region,2021-05-06,252,300,1759
E12000007,London,region,2021-05-05,278,283,1675
E12000007,London,region,2021-05-04,216,316,1699
E12000007,London,region,2021-05-03,193,250,1669
E12000007,London,region,2021-05-02,216,183,1744
E12000007,London,region,2021-05-01,201,187,1842
E12000007,London,region,2021-04-30,310,240,1902
E12000007,London,region,2021-04-29,307,216,1912
E12000007,London,region,2021-04-28,257,307,2023
E12000007,London,region,2021-04-27,401,286,2105
E12000007,London,region,2021-04-26,263,325,2196
E12000007,London,region,2021-04-25,187,281,2266
E12000007,London,region,2021-04-24,251,247,2380
E12000007,London,region,2021-04-23,391,250,2364
E12000007,London,region,2021-04-22,376,327,2446
E12000007,London,region,2021-04-21,296,389,2440
E12000007,London,region,2021-04-20,406,377,2346
E12000007,London,region,2021-04-19,378,395,2272
E12000007,London,region,2021-04-18,205,395,2230
E12000007,London,region,2021-04-17,357,231,2147
E12000007,London,region,2021-04-16,380,332,2209
E12000007,London,region,2021-04-15,315,321,2253
E12000007,London,region,2021-04-14,341,295,2262
E12000007,London,region,2021-04-13,274,303,2339
E12000007,London,region,2021-04-12,422,353,2395
E12000007,London,region,2021-04-11,171,312,2304
E12000007,London,region,2021-04-10,247,293,2213
E12000007,London,region,2021-04-09,0,376,2172
E12000007,London,region,2021-04-08,291,330,2067
E12000007,London,region,2021-04-07,317,372,2107
E12000007,London,region,2021-04-06,194,359,2057
E12000007,London,region,2021-04-05,208,262,2081
E12000007,London,region,2021-04-04,237,221,2247
E12000007,London,region,2021-04-03,350,252,2556
E12000007,London,region,2021-04-02,286,271,2626
E12000007,London,region,2021-04-01,393,370,2812
E12000007,London,region,2021-03-31,402,322,2913
E12000007,London,region,2021-03-30,468,383,3227
E12000007,London,region,2021-03-29,386,428,3333
E12000007,London,region,2021-03-28,402,530,3458
E12000007,London,region,2021-03-27,383,322,3407
E12000007,London,region,2021-03-26,501,457,3472
E12000007,London,region,2021-03-25,604,471,3467
E12000007,London,region,2021-03-24,508,636,3481
E12000007,London,region,2021-03-23,495,489,3322
E12000007,London,region,2021-03-22,480,553,3355
E12000007,London,region,2021-03-21,372,479,3419
E12000007,London,region,2021-03-20,470,387,3312
E12000007,London,region,2021-03-19,405,452,3308
E12000007,London,region,2021-03-18,535,485,3384
E12000007,London,region,2021-03-17,542,477,3371
E12000007,London,region,2021-03-16,451,522,3439
E12000007,London,region,2021-03-15,389,617,3533
E12000007,London,region,2021-03-14,384,372,3497
E12000007,London,region,2021-03-13,516,383,3550
E12000007,London,region,2021-03-12,565,528,3583
E12000007,London,region,2021-03-11,689,472,3570
E12000007,London,region,2021-03-10,461,545,3632
E12000007,London,region,2021-03-09,631,616,3683
E12000007,London,region,2021-03-08,400,581,3745
E12000007,London,region,2021-03-07,436,425,3740
E12000007,London,region,2021-03-06,663,416,3814
E12000007,London,region,2021-03-05,542,515,3926
E12000007,London,region,2021-03-04,623,534,4053
E12000007,London,region,2021-03-03,504,596,4184
E12000007,London,region,2021-03-02,629,678,4351
E12000007,London,region,2021-03-01,522,576,4630
E12000007,London,region,2021-02-28,478,499,5099
E12000007,London,region,2021-02-27,678,528,5363
E12000007,London,region,2021-02-26,784,642,5658
E12000007,London,region,2021-02-25,919,665,6076
E12000007,London,region,2021-02-24,952,763,6555
E12000007,London,region,2021-02-23,923,957,6921
E12000007,London,region,2021-02-22,848,1045,7195
E12000007,London,region,2021-02-21,903,763,7577
E12000007,London,region,2021-02-20,1075,823,7729
E12000007,London,region,2021-02-19,1328,1060,7803
E12000007,London,region,2021-02-18,1391,1144,8058
E12000007,London,region,2021-02-17,1054,1129,8399
E12000007,London,region,2021-02-16,1084,1231,8845
E12000007,London,region,2021-02-15,1064,1427,9318
E12000007,London,region,2021-02-14,893,915,9750
E12000007,London,region,2021-02-13,1496,897,10218
E12000007,London,region,2021-02-12,1807,1315,10912
E12000007,London,region,2021-02-11,1588,1485,11783
E12000007,London,region,2021-02-10,1579,1575,12836
E12000007,London,region,2021-02-09,1567,1704,14040
E12000007,London,region,2021-02-08,1770,1859,15356
E12000007,London,region,2021-02-07,2088,1383,16873
E12000007,London,region,2021-02-06,2351,1591,17778
E12000007,London,region,2021-02-05,2671,2186,18902
E12000007,London,region,2021-02-04,3268,2538,20214
E12000007,London,region,2021-02-03,2973,2779,21648
E12000007,London,region,2021-02-02,2765,3020,23183
E12000007,London,region,2021-02-01,2851,3376,24456
E12000007,London,region,2021-01-31,3002,2288,26184
E12000007,London,region,2021-01-30,3541,2715,27095
E12000007,London,region,2021-01-29,5258,3498,28639
E12000007,London,region,2021-01-28,4367,3972,30881
E12000007,London,region,2021-01-27,4076,4314,32853
E12000007,London,region,2021-01-26,3816,4293,34916
E12000007,London,region,2021-01-25,3836,5104,37835
E12000007,London,region,2021-01-24,5720,3199,41247
E12000007,London,region,2021-01-23,6291,4259,43571
E12000007,London,region,2021-01-22,7933,5740,45623
E12000007,London,region,2021-01-21,7735,5944,48280
E12000007,London,region,2021-01-20,6190,6377,51495
E12000007,London,region,2021-01-19,6237,7212,54626
E12000007,London,region,2021-01-18,7051,8516,57495
E12000007,London,region,2021-01-17,9995,5523,60823
E12000007,London,region,2021-01-16,8838,6311,62941
E12000007,London,region,2021-01-15,10977,8397,65590
E12000007,London,region,2021-01-14,9804,9159,67962
E12000007,London,region,2021-01-13,10020,9508,71157
E12000007,London,region,2021-01-12,8559,10081,75534
E12000007,London,region,2021-01-11,10110,11844,80348
E12000007,London,region,2021-01-10,13674,7641,86156
E12000007,London,region,2021-01-09,15299,8960,91911
E12000007,London,region,2021-01-08,17111,10769,96892
E12000007,London,region,2021-01-07,10150,12354,93012
E12000007,London,region,2021-01-06,14892,13885,93325
E12000007,London,region,2021-01-05,14700,14895,97098
E12000007,London,region,2021-01-04,11370,17652,102468
E12000007,London,region,2021-01-03,14212,13396,95696
E12000007,London,region,2021-01-02,13178,13941,95664
E12000007,London,region,2021-01-01,15089,6889,93808
E12000007,London,region,2020-12-31,12404,12667,91332
E12000007,London,region,2020-12-30,12830,17658,88259
E12000007,London,region,2020-12-29,14875,20265,83133
E12000007,London,region,2020-12-28,12341,10880,76437
E12000007,London,region,2020-12-27,9719,13364,79052
E12000007,London,region,2020-12-26,8516,12085,74766
E12000007,London,region,2020-12-25,9790,4413,69970
E12000007,London,region,2020-12-24,10713,9594,76559
E12000007,London,region,2020-12-23,9873,12532,77282
E12000007,London,region,2020-12-22,10201,13569,74915
E12000007,London,region,2020-12-21,9458,13495,70320
E12000007,London,region,2020-12-20,11577,9078,65263
E12000007,London,region,2020-12-19,6931,7289,61756
E12000007,London,region,2020-12-18,7378,11002,59216
E12000007,London,region,2020-12-17,5762,10317,53752
E12000007,London,region,2020-12-16,6777,10165,48515
E12000007,London,region,2020-12-15,4238,8974,42812
E12000007,London,region,2020-12-14,5322,8438,37597
E12000007,London,region,2020-12-13,4166,5571,32908
E12000007,London,region,2020-12-12,4283,4749,29782
E12000007,London,region,2020-12-11,4755,5538,27310
E12000007,London,region,2020-12-10,4144,5080,24736
E12000007,London,region,2020-12-09,2550,4462,22143
E12000007,London,region,2020-12-08,2203,3759,20520
E12000007,London,region,2020-12-07,2460,3749,19250
E12000007,London,region,2020-12-06,3198,2445,18221
E12000007,London,region,2020-12-05,2376,2277,17446
E12000007,London,region,2020-12-04,2823,2964,16823
E12000007,London,region,2020-12-03,2081,2487,16093
E12000007,London,region,2020-12-02,2614,2839,15698
E12000007,London,region,2020-12-01,1964,2489,15124
E12000007,London,region,2020-11-30,2069,2720,14814
E12000007,London,region,2020-11-29,1639,1670,14524
E12000007,London,region,2020-11-28,2260,1654,14362
E12000007,London,region,2020-11-27,1800,2234,14222
E12000007,London,region,2020-11-26,2085,2092,14140
E12000007,London,region,2020-11-25,2503,2265,14260
E12000007,London,region,2020-11-24,1409,2179,14483
E12000007,London,region,2020-11-23,2075,2430,14901
E12000007,London,region,2020-11-22,2979,1508,15588
E12000007,London,region,2020-11-21,2547,1514,15910
E12000007,London,region,2020-11-20,1908,2152,16356
E12000007,London,region,2020-11-19,2540,2212,16948
E12000007,London,region,2020-11-18,2023,2488,17626
E12000007,London,region,2020-11-17,2102,2597,18099
E12000007,London,region,2020-11-16,674,3117,18278
E12000007,London,region,2020-11-15,2643,1830,18289
E12000007,London,region,2020-11-14,2588,1960,18251
E12000007,London,region,2020-11-13,2917,2744,17958
E12000007,London,region,2020-11-12,3929,2890,17359
E12000007,London,region,2020-11-11,2053,2961,16584
E12000007,London,region,2020-11-10,1501,2776,15707
E12000007,London,region,2020-11-09,2088,3128,15093
E12000007,London,region,2020-11-08,1804,1792,14930
E12000007,London,region,2020-11-07,2352,1667,14364
E12000007,London,region,2020-11-06,1948,2145,14100
E12000007,London,region,2020-11-05,2083,2115,13850
E12000007,London,region,2020-11-04,2307,2084,13765
E12000007,London,region,2020-11-03,1575,2162,13677
E12000007,London,region,2020-11-02,1739,2965,13626
E12000007,London,region,2020-11-01,2056,1226,13222
E12000007,London,region,2020-10-31,1568,1403,13299
E12000007,London,region,2020-10-30,2431,1895,13354
E12000007,London,region,2020-10-29,1933,2030,13502
E12000007,London,region,2020-10-28,2477,1996,13672
E12000007,London,region,2020-10-27,1999,2111,14052
E12000007,London,region,2020-10-26,1807,2561,14277
E12000007,London,region,2020-10-25,1791,1303,14075
E12000007,London,region,2020-10-24,2221,1458,14080
E12000007,London,region,2020-10-23,1718,2043,13739
E12000007,London,region,2020-10-22,1646,2200,13381
E12000007,London,region,2020-10-21,2862,2376,12921
E12000007,London,region,2020-10-20,1480,2336,12183
E12000007,London,region,2020-10-19,1945,2359,11287
E12000007,London,region,2020-10-18,1646,1308,10518
E12000007,London,region,2020-10-17,1166,1117,9955
E12000007,London,region,2020-10-16,1394,1685,9719
E12000007,London,region,2020-10-15,1843,1740,9396
E12000007,London,region,2020-10-14,1722,1638,9137
E12000007,London,region,2020-10-13,1441,1440,8924
E12000007,London,region,2020-10-12,801,1590,8652
E12000007,London,region,2020-10-11,637,745,8360
E12000007,London,region,2020-10-10,1174,881,8449
E12000007,London,region,2020-10-09,1457,1362,8368
E12000007,London,region,2020-10-08,1252,1481,8046
E12000007,London,region,2020-10-07,1310,1425,7641
E12000007,London,region,2020-10-06,916,1168,7222
E12000007,London,region,2020-10-05,989,1298,6759
E12000007,London,region,2020-10-04,1965,834,6205
E12000007,London,region,2020-10-03,1070,800,5906
E12000007,London,region,2020-10-02,497,1040,5658
E12000007,London,region,2020-10-01,551,1076,5225
E12000007,London,region,2020-09-30,388,1006,4751
E12000007,London,region,2020-09-29,504,705,4403
E12000007,London,region,2020-09-28,397,744,4223
E12000007,London,region,2020-09-27,587,535,3913
E12000007,London,region,2020-09-26,361,552,3793
E12000007,London,region,2020-09-25,584,607,3583
E12000007,London,region,2020-09-24,620,602,3362
E12000007,London,region,2020-09-23,531,658,3088
E12000007,London,region,2020-09-22,354,525,2724
E12000007,London,region,2020-09-21,282,434,2471
E12000007,London,region,2020-09-20,241,415,2341
E12000007,London,region,2020-09-19,320,342,2038
E12000007,London,region,2020-09-18,377,386,1928
E12000007,London,region,2020-09-17,247,328,1877
E12000007,London,region,2020-09-16,243,294,1946
E12000007,London,region,2020-09-15,278,272,1999
E12000007,London,region,2020-09-14,218,304,2078
E12000007,London,region,2020-09-13,311,112,2238
E12000007,London,region,2020-09-12,393,232,2335
E12000007,London,region,2020-09-11,416,335,2374
E12000007,London,region,2020-09-10,304,397,2398
E12000007,London,region,2020-09-09,315,347,2349
E12000007,London,region,2020-09-08,327,351,2345
E12000007,London,region,2020-09-07,274,464,2310
E12000007,London,region,2020-09-06,308,209,2063
E12000007,London,region,2020-09-05,232,271,1986
E12000007,London,region,2020-09-04,296,359,1854
E12000007,London,region,2020-09-03,216,348,1718
E12000007,London,region,2020-09-02,190,343,1602
E12000007,London,region,2020-09-01,188,316,1424
E12000007,London,region,2020-08-31,160,217,1278
E12000007,London,region,2020-08-30,197,132,1259
E12000007,London,region,2020-08-29,143,139,1268
E12000007,London,region,2020-08-28,166,223,1249
E12000007,London,region,2020-08-27,210,232,1196
E12000007,London,region,2020-08-26,155,165,1172
E12000007,London,region,2020-08-25,206,170,1161
E12000007,London,region,2020-08-24,133,198,1175
E12000007,London,region,2020-08-23,155,141,1167
E12000007,London,region,2020-08-22,183,120,1114
E12000007,London,region,2020-08-21,101,170,1100
E12000007,London,region,2020-08-20,172,208,1061
E12000007,London,region,2020-08-19,105,154,979
E12000007,London,region,2020-08-18,145,184,990
E12000007,London,region,2020-08-17,95,190,956
E12000007,London,region,2020-08-16,136,88,913
E12000007,London,region,2020-08-15,119,106,894
E12000007,London,region,2020-08-14,300,131,844
E12000007,London,region,2020-08-13,0,126,839
E12000007,London,region,2020-08-12,93,165,821
E12000007,London,region,2020-08-11,90,150,775
E12000007,London,region,2020-08-10,65,147,731
E12000007,London,region,2020-08-09,117,69,673
E12000007,London,region,2020-08-08,112,56,680
E12000007,London,region,2020-08-07,90,126,683
E12000007,London,region,2020-08-06,105,108,634
E12000007,London,region,2020-08-05,74,119,630
E12000007,London,region,2020-08-04,86,106,614
E12000007,London,region,2020-08-03,97,89,608
E12000007,London,region,2020-08-02,70,76,620
E12000007,London,region,2020-08-01,103,59,608
E12000007,London,region,2020-07-31,91,77,606
E12000007,London,region,2020-07-30,114,104,613
E12000007,London,region,2020-07-29,66,103,579
E12000007,London,region,2020-07-28,61,100,561
E12000007,London,region,2020-07-27,87,101,542
E12000007,London,region,2020-07-26,87,64,543
E12000007,London,region,2020-07-25,66,57,521
E12000007,London,region,2020-07-24,73,84,512
E12000007,London,region,2020-07-23,96,70,476
E12000007,London,region,2020-07-22,47,85,476
E12000007,London,region,2020-07-21,44,81,467
E12000007,London,region,2020-07-20,47,102,449
E12000007,London,region,2020-07-19,51,42,432
E12000007,London,region,2020-07-18,109,48,428
E12000007,London,region,2020-07-17,56,48,400
E12000007,London,region,2020-07-16,68,70,391
E12000007,London,region,2020-07-15,50,76,375
E12000007,London,region,2020-07-14,42,63,358
E12000007,London,region,2020-07-13,29,85,355
E12000007,London,region,2020-07-12,45,38,325
E12000007,London,region,2020-07-11,91,20,339
E12000007,London,region,2020-07-10,31,39,351
E12000007,London,region,2020-07-09,68,54,350
E12000007,London,region,2020-07-08,44,59,339
E12000007,London,region,2020-07-07,37,60,323
E12000007,London,region,2020-07-06,23,55,315
E12000007,London,region,2020-07-05,37,52,319
E12000007,London,region,2020-07-04,38,32,289
E12000007,London,region,2020-07-03,9,38,289
E12000007,London,region,2020-07-02,34,43,299
E12000007,London,region,2020-07-01,6025,43,314
E12000007,London,region,2020-06-30,19,52,317
E12000007,London,region,2020-06-29,9,59,315
E12000007,London,region,2020-06-28,14,22,309
E12000007,London,region,2020-06-27,46,32,313
E12000007,London,region,2020-06-26,52,48,310
E12000007,London,region,2020-06-25,47,58,300
E12000007,London,region,2020-06-24,10,46,289
E12000007,London,region,2020-06-23,18,50,285
E12000007,London,region,2020-06-22,21,53,282
E12000007,London,region,2020-06-21,18,26,269
E12000007,London,region,2020-06-20,29,29,273
E12000007,London,region,2020-06-19,16,38,283
E12000007,London,region,2020-06-18,17,47,298
E12000007,London,region,2020-06-17,9,42,297
E12000007,London,region,2020-06-16,15,47,307
E12000007,London,region,2020-06-15,8,40,331
E12000007,London,region,2020-06-14,25,30,346
E12000007,London,region,2020-06-13,36,39,361
E12000007,London,region,2020-06-12,21,53,368
E12000007,London,region,2020-06-11,31,46,361
E12000007,London,region,2020-06-10,15,52,372
E12000007,London,region,2020-06-09,55,71,398
E12000007,London,region,2020-06-08,0,55,377
E12000007,London,region,2020-06-07,15,45,371
E12000007,London,region,2020-06-06,25,46,363
E12000007,London,region,2020-06-05,36,46,355
E12000007,London,region,2020-06-04,21,57,366
E12000007,London,region,2020-06-03,21,78,383
E12000007,London,region,2020-06-02,32,50,388
E12000007,London,region,2020-06-01,21,49,402
E12000007,London,region,2020-05-31,30,37,411
E12000007,London,region,2020-05-30,25,38,425
E12000007,London,region,2020-05-29,30,57,451
E12000007,London,region,2020-05-28,16,74,480
E12000007,London,region,2020-05-27,27,83,563
E12000007,London,region,2020-05-26,22,64,621
E12000007,London,region,2020-05-25,38,58,685
E12000007,London,region,2020-05-24,38,51,740
E12000007,London,region,2020-05-23,59,64,768
E12000007,London,region,2020-05-22,55,86,778
E12000007,London,region,2020-05-21,49,157,824
E12000007,London,region,2020-05-20,50,141,826
E12000007,London,region,2020-05-19,42,128,888
E12000007,London,region,2020-05-18,47,113,951
E12000007,London,region,2020-05-17,81,79,998
E12000007,London,region,2020-05-16,166,74,1042
E12000007,London,region,2020-05-15,80,132,1096
E12000007,London,region,2020-05-14,89,159,1172
E12000007,London,region,2020-05-13,44,203,1286
E12000007,London,region,2020-05-12,89,191,1350
E12000007,London,region,2020-05-11,62,160,1375
E12000007,London,region,2020-05-10,95,123,1460
E12000007,London,region,2020-05-09,111,128,1507
E12000007,London,region,2020-05-08,124,208,1627
E12000007,London,region,2020-05-07,142,273,1774
E12000007,London,region,2020-05-06,117,267,1927
E12000007,London,region,2020-05-05,252,216,2092
E12000007,London,region,2020-05-04,160,245,2187
E12000007,London,region,2020-05-03,128,170,2360
E12000007,London,region,2020-05-02,223,248,2500
E12000007,London,region,2020-05-01,180,355,2584
E12000007,London,region,2020-04-30,207,426,2604
E12000007,London,region,2020-04-29,111,432,2698
E12000007,London,region,2020-04-28,146,311,2665
E12000007,London,region,2020-04-27,225,418,2817
E12000007,London,region,2020-04-26,267,310,2824
E12000007,London,region,2020-04-25,278,332,2912
E12000007,London,region,2020-04-24,296,375,2981
E12000007,London,region,2020-04-23,415,520,3183
E12000007,London,region,2020-04-22,280,399,3237
E12000007,London,region,2020-04-21,418,463,3495
E12000007,London,region,2020-04-20,297,425,3632
E12000007,London,region,2020-04-19,453,398,3808
E12000007,London,region,2020-04-18,689,401,3912
E12000007,London,region,2020-04-17,704,577,4029
E12000007,London,region,2020-04-16,,574,4074
E12000007,London,region,2020-04-15,,657,4291
E12000007,London,region,2020-04-14,,600,4501
E12000007,London,region,2020-04-13,,601,4847
E12000007,London,region,2020-04-12,,502,5104
E12000007,London,region,2020-04-11,,518,5238
E12000007,London,region,2020-04-10,,622,5485
E12000007,London,region,2020-04-09,,791,5847
E12000007,London,region,2020-04-08,,867,6119
E12000007,London,region,2020-04-07,,946,6229
E12000007,London,region,2020-04-06,,858,6218
E12000007,London,region,2020-04-05,,636,6208
E12000007,London,region,2020-04-04,,765,6168
E12000007,London,region,2020-04-03,,984,5980
E12000007,London,region,2020-04-02,,1063,5814
E12000007,London,region,2020-04-01,,977,5491
E12000007,London,region,2020-03-31,,935,5266
E12000007,London,region,2020-03-30,,848,4967
E12000007,London,region,2020-03-29,,596,4804
E12000007,London,region,2020-03-28,,577,4647
E12000007,London,region,2020-03-27,,818,4418
E12000007,London,region,2020-03-26,,740,4024
E12000007,London,region,2020-03-25,,752,3616
E12000007,London,region,2020-03-24,,636,3221
E12000007,London,region,2020-03-23,,685,2895
E12000007,London,region,2020-03-22,,439,2447
E12000007,London,region,2020-03-21,,348,2173
E12000007,London,region,2020-03-20,,424,1974
E12000007,London,region,2020-03-19,,332,1688
E12000007,London,region,2020-03-18,,357,1523
E12000007,London,region,2020-03-17,,310,1349
E12000007,London,region,2020-03-16,,237,1134
E12000007,London,region,2020-03-15,,165,951
E12000007,London,region,2020-03-14,,149,808
E12000007,London,region,2020-03-13,,138,673
E12000007,London,region,2020-03-12,,167,558
E12000007,London,region,2020-03-11,,183,404
E12000007,London,region,2020-03-10,,95,236
E12000007,London,region,2020-03-09,,54,147
E12000007,London,region,2020-03-08,,22,105
E12000007,London,region,2020-03-07,,14,86
E12000007,London,region,2020-03-06,,23,73
E12000007,London,region,2020-03-05,,13,50
E12000007,London,region,2020-03-04,,15,38
E12000007,London,region,2020-03-03,,6,23
E12000007,London,region,2020-03-02,,12,18
E12000007,London,region,2020-03-01,,3,7
E12000007,London,region,2020-02-29,,1,7
E12000007,London,region,2020-02-28,,0,6
E12000007,London,region,2020-02-27,,1,7
E12000007,London,region,2020-02-26,,0,6
E12000007,London,region,2020-02-25,,1,6
E12000007,London,region,2020-02-24,,1,5
E12000007,London,region,2020-02-23,,3,5
E12000007,London,region,2020-02-22,,0,2
E12000007,London,region,2020-02-21,,1,2
E12000007,London,region,2020-02-20,,0,1
E12000007,London,region,2020-02-19,,0,2
E12000007,London,region,2020-02-18,,0,2
E12000007,London,region,2020-02-17,,1,6
E12000007,London,region,2020-02-16,,0,6
E12000007,London,region,2020-02-15,,0,6
E12000007,London,region,2020-02-14,,0,6
E12000007,London,region,2020-02-13,,1,6
E12000007,London,region,2020-02-12,,0,5
E12000007,London,region,2020-02-11,,4,5
E12000007,London,region,2020-02-10,,1,1
E12000007,London,region,2020-02-09,,0,1
E12000007,London,region,2020-02-08,,0,
E12000007,London,region,2020-02-07,,0,
E12000007,London,region,2020-02-06,,0,
E12000007,London,region,2020-02-05,,0,
E12000007,London,region,2020-02-04,,0,
E12000007,London,region,2020-02-03,,1,
