,date,cases_roll_avg,deaths_roll_avg,first_roll_avg,second_roll_avg,third_roll_avg,hospitalCases_roll_avg,newAdmissions_roll_avg,slope_cases_roll_avg,slope
2,2022-03-30,6173.666666666667,8.333333333333334,669.3333333333334,1705.6666666666667,2366.6666666666665,2404.0,231.0,-545.583333333333,-0.0883726580638194
3,2022-03-29,6719.25,10.75,635.25,1676.5,2391.25,2384.0,247.5,-543.75,-0.08092421029132715
4,2022-03-28,7263.0,11.4,626.2,1661.8,2444.8,2360.4,252.66666666666666,64.5,0.008880627839735646
5,2022-03-27,7198.5,9.5,562.0,1539.5,2211.8333333333335,2320.0,244.25,124.92857142857156,0.01735480606078649
6,2022-03-26,7073.571428571428,8.142857142857142,614.4285714285714,1773.857142857143,2370.285714285714,2284.5714285714284,235.8,-372.8571428571431,-0.052711299606179984
7,2022-03-25,7446.428571428572,7.0,617.4285714285714,1805.142857142857,2446.5714285714284,2236.285714285714,226.66666666666666,-403.1428571428569,-0.05413908872901675
8,2022-03-24,7849.571428571428,8.428571428571429,610.2857142857143,1816.7142857142858,2481.0,2190.285714285714,223.28571428571428,-254.57142857142844,-0.03243125193368153
9,2022-03-23,8104.142857142857,8.142857142857142,609.8571428571429,1800.142857142857,2494.8571428571427,2155.8571428571427,220.42857142857142,-237.42857142857247,-0.029297184861358516
10,2022-03-22,8341.57142857143,6.714285714285714,622.0,1819.142857142857,2529.4285714285716,2125.8571428571427,213.14285714285714,-199.57142857142753,-0.023924919936291426
11,2022-03-21,8541.142857142857,5.714285714285714,633.8571428571429,1834.4285714285713,2549.8571428571427,2098.4285714285716,206.57142857142858,-107.14285714285688,-0.012544323275573664
12,2022-03-20,8648.285714285714,5.714285714285714,654.8571428571429,1884.142857142857,2611.4285714285716,2078.285714285714,201.57142857142858,-39.714285714286234,-0.004592156992302416
13,2022-03-19,8688.0,5.714285714285714,659.0,1925.5714285714287,2671.5714285714284,2058.5714285714284,202.85714285714286,-26.285714285713766,-0.0030255196001051756
14,2022-03-18,8714.285714285714,6.714285714285714,658.0,1977.857142857143,2698.4285714285716,2032.857142857143,201.28571428571428,-13.142857142856883,-0.0015081967213114457
15,2022-03-17,8727.42857142857,5.857142857142857,662.7142857142857,2008.5714285714287,2707.8571428571427,2005.4285714285713,201.0,62.8571428571413,0.007202252340731833
16,2022-03-16,8664.57142857143,6.142857142857143,663.4285714285714,2059.0,2714.714285714286,1978.7142857142858,200.28571428571428,95.0,0.010964189144628371
17,2022-03-15,8569.57142857143,6.714285714285714,684.8571428571429,2151.0,2767.285714285714,1943.4285714285713,198.28571428571428,136.57142857142935,0.015936786303699223
18,2022-03-14,8433.0,7.0,702.4285714285714,2227.1428571428573,2818.4285714285716,1907.5714285714287,194.85714285714286,61.14285714285688,0.007250427741356206
19,2022-03-13,8371.857142857143,7.0,701.2857142857143,2249.8571428571427,2842.714285714286,1872.0,192.57142857142858,48.57142857142935,0.005801750763612877
20,2022-03-12,8323.285714285714,7.0,732.5714285714286,2292.0,2943.285714285714,1828.857142857143,186.14285714285714,131.8571428571422,0.015841958017952996
21,2022-03-11,8191.428571428572,6.0,743.5714285714286,2315.8571428571427,2977.1428571428573,1789.2857142857142,189.85714285714286,183.85714285714312,0.022445064527380567
22,2022-03-10,8007.571428571428,5.714285714285714,757.5714285714286,2316.285714285714,3003.5714285714284,1746.2857142857142,186.42857142857142,221.14285714285688,0.027616719890103978
23,2022-03-09,7786.428571428572,5.428571428571429,768.5714285714286,2298.5714285714284,3017.714285714286,1709.0,185.71428571428572,306.2857142857147,0.03933584074855523
24,2022-03-08,7480.142857142857,5.285714285714286,764.1428571428571,2267.4285714285716,2986.8571428571427,1674.2857142857142,177.71428571428572,412.57142857142844,0.05515555470674737
25,2022-03-07,7067.571428571428,4.571428571428571,754.2857142857143,2215.714285714286,2966.285714285714,1641.7142857142858,172.85714285714286,311.8571428571431,0.04412507832555135
26,2022-03-06,6755.714285714285,4.571428571428571,759.2857142857143,2187.8571428571427,2997.4285714285716,1608.5714285714287,172.42857142857142,292.0,0.04322266864030451
27,2022-03-05,6463.714285714285,4.571428571428571,741.4285714285714,2120.714285714286,3026.285714285714,1586.2857142857142,167.71428571428572,315.0,0.04873358970958759
28,2022-03-04,6148.714285714285,4.714285714285714,768.1428571428571,2099.0,3069.0,1568.5714285714287,158.14285714285714,342.42857142857065,0.05569108524430182
29,2022-03-03,5806.285714285715,6.0,772.7142857142857,2090.1428571428573,3084.714285714286,1559.142857142857,152.14285714285714,357.2857142857147,0.06153429780533418
30,2022-03-02,5449.0,5.714285714285714,790.0,2090.714285714286,3113.0,1549.4285714285713,145.28571428571428,341.8571428571431,0.06273759274309838
31,2022-03-01,5107.142857142857,5.857142857142857,804.8571428571429,2079.4285714285716,3130.714285714286,1542.4285714285713,144.42857142857142,303.57142857142844,0.05944055944055942
32,2022-02-28,4803.571428571428,6.571428571428571,817.5714285714286,2109.5714285714284,3219.5714285714284,1540.142857142857,140.85714285714286,259.1428571428569,0.05394795539033452
33,2022-02-27,4544.428571428572,6.571428571428571,831.5714285714286,2124.285714285714,3255.0,1551.0,133.28571428571428,222.42857142857156,0.048945333375247584
34,2022-02-26,4322.0,6.571428571428571,872.8571428571429,2153.285714285714,3332.1428571428573,1565.2857142857142,127.42857142857143,220.14285714285688,0.05093541349904139
35,2022-02-25,4101.857142857143,7.0,897.4285714285714,2219.4285714285716,3466.5714285714284,1584.142857142857,123.85714285714286,209.00000000000045,0.05095253021279571
36,2022-02-24,3892.8571428571427,5.428571428571429,919.1428571428571,2268.8571428571427,3528.4285714285716,1606.857142857143,121.14285714285714,147.0,0.03776146788990826
37,2022-02-23,3745.8571428571427,6.0,954.0,2405.5714285714284,3672.714285714286,1635.857142857143,114.42857142857143,24.0,0.006407078296022273
38,2022-02-22,3721.8571428571427,5.428571428571429,997.2857142857143,2486.0,3846.5714285714284,1669.2857142857142,112.71428571428571,-78.14285714285734,-0.02099566268759841
39,2022-02-21,3800.0,4.285714285714286,1017.2857142857143,2470.4285714285716,3927.4285714285716,1700.7142857142858,109.85714285714286,-202.42857142857156,-0.05327067669172936
40,2022-02-20,4002.4285714285716,4.571428571428571,1020.5714285714286,2462.714285714286,3908.5714285714284,1737.4285714285713,109.71428571428571,-251.42857142857156,-0.0628190027483314
41,2022-02-19,4253.857142857143,6.285714285714286,1017.2857142857143,2393.1428571428573,3924.4285714285716,1774.0,111.71428571428571,-49.42857142857156,-0.011619706484870903
42,2022-02-18,4303.285714285715,7.142857142857143,962.4285714285714,2228.714285714286,3750.5714285714284,1808.0,115.28571428571429,-261.57142857142844,-0.06078411844769774
43,2022-02-17,4564.857142857143,7.428571428571429,1036.142857142857,2315.8571428571427,3984.5714285714284,1845.142857142857,120.0,-270.42857142857156,-0.05924140952619393
44,2022-02-16,4835.285714285715,9.142857142857142,1053.7142857142858,2283.0,4148.857142857143,1877.7142857142858,125.42857142857143,-161.14285714285688,-0.03332643956628351
45,2022-02-15,4996.428571428572,10.285714285714286,1085.0,2268.4285714285716,4270.714285714285,1909.4285714285713,127.14285714285714,-91.42857142857156,-0.018298784846318826
46,2022-02-14,5087.857142857143,10.142857142857142,1123.7142857142858,2336.0,4431.428571428572,1948.2857142857142,133.71428571428572,33.0,0.006486031166643268
47,2022-02-13,5054.857142857143,11.0,1149.0,2413.1428571428573,4520.428571428572,1974.857142857143,136.71428571428572,11.142857142857792,0.0022043861632377497
48,2022-02-12,5043.714285714285,11.857142857142858,1218.4285714285713,2586.1428571428573,4871.571428571428,1999.2857142857142,141.42857142857142,-270.0,-0.053531977567552264
49,2022-02-11,5313.714285714285,12.0,1319.142857142857,2862.8571428571427,5461.571428571428,2019.7142857142858,146.0,-165.57142857142935,-0.03115926443703639
50,2022-02-10,5479.285714285715,12.857142857142858,1282.142857142857,2876.5714285714284,5462.0,2041.142857142857,146.71428571428572,-248.8571428571422,-0.04541780732629371
51,2022-02-09,5728.142857142857,14.285714285714286,1315.857142857143,2980.4285714285716,5420.428571428572,2070.714285714286,149.42857142857142,-372.57142857142844,-0.06504227248921364
52,2022-02-08,6100.714285714285,15.571428571428571,1317.4285714285713,3013.1428571428573,5436.428571428572,2107.8571428571427,155.28571428571428,-424.8571428571431,-0.06964055731179024
53,2022-02-07,6525.571428571428,16.0,1341.0,3058.4285714285716,5492.0,2142.0,159.0,-383.1428571428569,-0.05871406992272156
54,2022-02-06,6908.714285714285,16.285714285714285,1353.7142857142858,3094.1428571428573,5563.0,2177.285714285714,165.14285714285714,-301.0,-0.043568164430015925
55,2022-02-05,7209.714285714285,17.428571428571427,1358.857142857143,3125.285714285714,5519.285714285715,2209.714285714286,167.85714285714286,-320.1428571428578,-0.04440437504953643
56,2022-02-04,7529.857142857143,17.857142857142858,1380.142857142857,3057.1428571428573,5316.142857142857,2249.5714285714284,169.85714285714286,-395.7142857142853,-0.05255269498567602
57,2022-02-03,7925.571428571428,19.857142857142858,1432.4285714285713,3041.8571428571427,5495.0,2285.0,175.71428571428572,-416.0000000000009,-0.052488328917248084
58,2022-02-02,8341.57142857143,22.142857142857142,1475.2857142857142,2998.8571428571427,5646.857142857143,2319.285714285714,183.57142857142858,-383.7142857142844,-0.04600023976297701
59,2022-02-01,8725.285714285714,38.714285714285715,1524.4285714285713,3022.5714285714284,5771.0,2344.5714285714284,186.57142857142858,-417.1428571428569,-0.04780850401951632
60,2022-01-31,9142.42857142857,38.285714285714285,1589.2857142857142,3041.714285714286,5929.0,2370.5714285714284,186.42857142857142,-395.1428571428587,-0.04322077597387395
61,2022-01-30,9537.57142857143,39.0,1688.7142857142858,3181.4285714285716,6116.142857142857,2397.1428571428573,186.42857142857142,-325.0,-0.03407576052603987
62,2022-01-29,9862.57142857143,39.857142857142854,1872.7142857142858,3419.8571428571427,6562.714285714285,2430.8571428571427,189.0,-338.1428571428569,-0.03428546597525997
63,2022-01-28,10200.714285714286,41.285714285714285,2012.142857142857,3574.1428571428573,6957.0,2461.714285714286,190.42857142857142,-335.7142857142844,-0.03291086058399259
64,2022-01-27,10536.42857142857,44.285714285714285,2113.0,3688.285714285714,7228.857142857143,2494.8571428571427,189.42857142857142,-339.0,-0.0321740898922107
65,2022-01-26,10875.42857142857,44.42857142857143,2168.285714285714,3751.285714285714,7612.285714285715,2528.285714285714,190.57142857142858,-309.71428571428623,-0.028478352248844103
66,2022-01-25,11185.142857142857,29.142857142857142,2218.1428571428573,3823.5714285714284,7966.714285714285,2570.285714285714,192.57142857142858,-351.1428571428569,-0.03139368550117501
67,2022-01-24,11536.285714285714,29.857142857142858,2241.285714285714,3981.8571428571427,8344.857142857143,2613.1428571428573,199.14285714285714,-215.42857142857247,-0.018673997572875738
68,2022-01-23,11751.714285714286,28.714285714285715,2219.285714285714,4056.714285714286,8566.857142857143,2655.285714285714,207.0,-130.28571428571377,-0.011086528409229003
69,2022-01-22,11882.0,29.571428571428573,2254.714285714286,4203.142857142857,9130.857142857143,2685.4285714285716,208.0,-114.71428571428623,-0.0096544593262318
70,2022-01-21,11996.714285714286,31.714285714285715,2273.0,4234.857142857143,9543.285714285714,2739.8571428571427,211.57142857142858,-64.42857142857065,-0.00537051811805607
71,2022-01-20,12061.142857142857,29.857142857142858,2301.285714285714,4249.0,9858.285714285714,2805.1428571428573,216.71428571428572,8.857142857143117,0.0007343535320036222
72,2022-01-19,12052.285714285714,30.428571428571427,2358.8571428571427,4245.714285714285,10132.0,2875.714285714286,225.14285714285714,-90.42857142857247,-0.007503022544627069
73,2022-01-18,12142.714285714286,32.857142857142854,2420.8571428571427,4223.714285714285,10521.285714285714,2964.714285714286,237.71428571428572,-102.14285714285688,-0.00841186366898432
74,2022-01-17,12244.857142857143,33.57142857142857,2478.5714285714284,4150.857142857143,10834.42857142857,3071.1428571428573,238.28571428571428,14.142857142856883,0.001155003850012812
75,2022-01-16,12230.714285714286,34.714285714285715,2543.0,4155.0,11175.857142857143,3174.1428571428573,248.85714285714286,16.428571428572468,0.001343222566139196
76,2022-01-15,12214.285714285714,36.285714285714285,2668.4285714285716,4183.142857142857,11909.857142857143,3286.5714285714284,258.85714285714283,29.42857142857065,0.002409356725146135
77,2022-01-14,12184.857142857143,35.42857142857143,2745.5714285714284,4155.714285714285,12738.142857142857,3380.0,268.2857142857143,29.714285714286234,0.002438624053274599
78,2022-01-13,12155.142857142857,36.857142857142854,2796.8571428571427,4175.285714285715,13789.857142857143,3466.1428571428573,279.7142857142857,11.285714285713766,0.0009284723691323645
79,2022-01-12,12143.857142857143,40.42857142857143,2837.0,4257.857142857143,14865.57142857143,3554.4285714285716,282.7142857142857,-77.85714285714312,-0.006411236721681765
80,2022-01-11,12221.714285714286,41.142857142857146,2861.4285714285716,4266.285714285715,16104.714285714286,3617.4285714285716,284.57142857142856,-214.28571428571377,-0.017533196184776466
81,2022-01-10,12436.0,40.57142857142857,2880.285714285714,4198.714285714285,17431.428571428572,3673.5714285714284,298.85714285714283,-125.0,-0.010051463493084592
82,2022-01-09,12561.0,40.714285714285715,2935.4285714285716,4134.714285714285,18593.85714285714,3731.1428571428573,295.0,-378.0,-0.03009314545020301
83,2022-01-08,12939.0,42.57142857142857,2973.1428571428573,4084.1428571428573,20666.714285714286,3781.8571428571427,302.7142857142857,-667.0,-0.05154957879279697
84,2022-01-07,13606.0,44.0,2983.0,4127.0,22299.428571428572,3841.4285714285716,307.85714285714283,-1481.8571428571431,-0.10891203460658115
85,2022-01-06,15087.857142857143,42.57142857142857,3089.8571428571427,4205.714285714285,24019.428571428572,3897.285714285714,308.7142857142857,-1755.9999999999982,-0.11638498319367502
86,2022-01-05,16843.85714285714,37.42857142857143,3223.0,4320.571428571428,25826.285714285714,3936.8571428571427,317.2857142857143,-2524.857142857145,-0.1498978008091124
87,2022-01-04,19368.714285714286,30.857142857142858,3461.4285714285716,4593.857142857143,27163.285714285714,3960.714285714286,324.85714285714283,-1475.142857142855,-0.07616111402040097
88,2022-01-03,20843.85714285714,32.0,3486.1428571428573,4604.571428571428,26552.714285714286,3949.0,334.2857142857143,-1399.0,-0.06711809577333508
89,2022-01-02,22242.85714285714,31.571428571428573,3426.1428571428573,4412.571428571428,26066.0,3931.4285714285716,344.2857142857143,-207.42857142857247,-0.009325626204238968
90,2022-01-01,22450.285714285714,26.571428571428573,2864.5714285714284,3503.285714285714,21772.0,3909.5714285714284,345.2857142857143,-1003.0,-0.04467649154958257
91,2021-12-31,23453.285714285714,25.285714285714285,2726.714285714286,3216.1428571428573,20453.85714285714,3859.1428571428573,346.2857142857143,-1036.5714285714275,-0.04419727969885422
92,2021-12-30,24489.85714285714,26.285714285714285,2966.8571428571427,3334.714285714286,22075.714285714286,3776.8571428571427,366.2857142857143,-1670.1428571428587,-0.0681973295066763
93,2021-12-29,26160.0,21.714285714285715,3246.1428571428573,3487.1428571428573,24585.428571428572,3667.714285714286,387.0,557.2857142857138,0.021302970729576213
94,2021-12-28,25602.714285714286,20.857142857142858,3144.1428571428573,3249.4285714285716,24855.571428571428,3529.285714285714,399.7142857142857,-158.42857142857247,-0.0061879599819216
95,2021-12-27,25761.14285714286,24.0,3260.714285714286,3260.5714285714284,27139.428571428572,3356.714285714286,404.85714285714283,452.1428571428587,0.01755135087174488
96,2021-12-26,25309.0,22.142857142857142,3095.5714285714284,3078.285714285714,26131.85714285714,3168.285714285714,408.7142857142857,350.0,0.01382907266189893
97,2021-12-25,24959.0,18.285714285714285,3049.0,3024.285714285714,25889.571428571428,2972.4285714285716,415.85714285714283,-272.42857142857247,-0.010915043528529688
98,2021-12-24,25231.428571428572,16.285714285714285,3108.1428571428573,3018.0,27155.571428571428,2775.8571428571427,410.0,-232.57142857142753,-0.009217529158645639
99,2021-12-23,25464.0,12.428571428571429,3228.285714285714,3096.714285714286,31158.571428571428,2578.714285714286,401.42857142857144,679.5714285714275,0.026687536466047265
100,2021-12-22,24784.428571428572,13.857142857142858,3329.1428571428573,3213.285714285714,37478.0,2396.714285714286,383.57142857142856,-820.8571428571413,-0.033119873653388296
101,2021-12-21,25605.285714285714,16.285714285714285,3722.8571428571427,3618.1428571428573,47845.57142857143,2236.714285714286,362.2857142857143,-658.8571428571449,-0.02573129431981128
102,2021-12-20,26264.14285714286,12.142857142857142,4119.0,4092.714285714286,56412.71428571428,2119.4285714285716,342.85714285714283,-551.2857142857138,-0.020990051618447726
103,2021-12-19,26815.428571428572,13.142857142857142,4868.285714285715,4752.428571428572,70000.42857142857,2011.0,324.42857142857144,-1969.2857142857138,-0.07343853218829244
104,2021-12-18,28784.714285714286,15.142857142857142,5942.714285714285,5710.428571428572,86654.14285714286,1907.857142857143,302.42857142857144,-437.28571428571377,-0.015191594745226864
105,2021-12-17,29222.0,13.571428571428571,6462.0,6134.428571428572,96822.57142857143,1804.142857142857,294.14285714285717,145.71428571428623,0.004986458343518111
106,2021-12-16,29076.285714285714,13.285714285714286,6422.428571428572,6118.0,102447.71428571429,1713.142857142857,266.0,164.8571428571413,0.005669814379906989
107,2021-12-15,28911.428571428572,13.285714285714286,6223.714285714285,5936.142857142857,103229.42857142857,1618.2857142857142,239.57142857142858,624.5714285714312,0.02160292519023628
108,2021-12-14,28286.85714285714,12.714285714285714,5956.571428571428,5723.285714285715,100776.85714285714,1539.0,224.14285714285714,1403.8571428571413,0.04962930790675119
109,2021-12-13,26883.0,12.428571428571429,5533.0,5334.285714285715,97132.71428571429,1473.4285714285713,205.28571428571428,1479.0,0.05501618122977346
110,2021-12-12,25404.0,12.714285714285714,5108.0,5075.0,89686.28571428571,1414.4285714285713,192.71428571428572,2152.5714285714275,0.08473356276851786
111,2021-12-11,23251.428571428572,12.714285714285714,4668.428571428572,5003.857142857143,82899.0,1359.0,186.42857142857142,2421.1428571428587,0.1041287785696732
112,2021-12-10,20830.285714285714,12.285714285714286,4339.142857142857,4918.571428571428,75681.0,1310.2857142857142,178.14285714285714,2817.5714285714275,0.13526321564754612
113,2021-12-09,18012.714285714286,12.571428571428571,4038.4285714285716,4832.428571428572,67770.85714285714,1267.857142857143,170.85714285714286,2998.142857142857,0.16644592311779774
114,2021-12-08,15014.57142857143,12.285714285714286,3789.4285714285716,4732.285714285715,59809.28571428572,1234.142857142857,161.0,2925.7142857142862,0.1948583281003216
115,2021-12-07,12088.857142857143,11.571428571428571,3557.4285714285716,4633.857142857143,52625.28571428572,1203.4285714285713,153.71428571428572,2040.8571428571431,0.16882134669471296
116,2021-12-06,10048.0,12.0,3480.0,4640.0,47848.28571428572,1166.5714285714287,145.42857142857142,962.1428571428569,0.09575466333030025
117,2021-12-05,9085.857142857143,11.142857142857142,3416.0,4624.142857142857,44510.142857142855,1142.857142857143,140.14285714285714,650.7142857142862,0.0716183707803337
118,2021-12-04,8435.142857142857,11.285714285714286,3495.0,4746.285714285715,41534.857142857145,1124.5714285714287,133.0,588.7142857142853,0.06979304271246142
119,2021-12-03,7846.428571428572,11.857142857142858,3490.5714285714284,4781.142857142857,40297.0,1106.857142857143,126.14285714285714,543.7142857142862,0.06929449248975883
120,2021-12-02,7302.714285714285,10.857142857142858,3496.4285714285716,4771.142857142857,38336.142857142855,1095.4285714285713,120.14285714285714,424.7142857142853,0.05815841467947334
121,2021-12-01,6878.0,10.142857142857142,3522.4285714285716,4899.142857142857,37917.71428571428,1086.5714285714287,117.57142857142857,321.7142857142853,0.046774394549910635
122,2021-11-30,6556.285714285715,10.428571428571429,3664.4285714285716,5060.0,37905.57142857143,1081.0,111.42857142857143,242.71428571428623,0.03702008977208358
123,2021-11-29,6313.571428571428,9.714285714285714,3683.1428571428573,5203.285714285715,37245.71428571428,1080.5714285714287,110.0,162.42857142857156,0.025726892182373593
124,2021-11-28,6151.142857142857,10.285714285714286,3686.8571428571427,5345.285714285715,36698.57142857143,1067.2857142857142,108.0,142.42857142857156,0.0231548144363417
125,2021-11-27,6008.714285714285,10.285714285714286,3536.285714285714,5268.428571428572,36174.42857142857,1057.5714285714287,104.85714285714286,212.14285714285688,0.035305865290887
126,2021-11-26,5796.571428571428,10.142857142857142,3454.8571428571427,5218.857142857143,35634.71428571428,1053.857142857143,103.71428571428571,190.85714285714312,0.03292586750788648
127,2021-11-25,5605.714285714285,10.714285714285714,3402.1428571428573,5119.285714285715,34995.71428571428,1046.0,102.28571428571429,235.42857142857065,0.04199796126401617
128,2021-11-24,5370.285714285715,10.285714285714286,3363.0,4942.285714285715,34604.0,1037.142857142857,101.42857142857143,220.42857142857156,0.04104596722706961
129,2021-11-23,5149.857142857143,9.428571428571429,3282.0,4752.0,33873.142857142855,1028.4285714285713,98.0,207.1428571428578,0.04022302976504215
130,2021-11-22,4942.714285714285,10.0,3335.8571428571427,4566.0,33674.57142857143,1023.8571428571429,94.0,78.57142857142844,0.015896413191132667
131,2021-11-21,4864.142857142857,9.714285714285714,3227.4285714285716,4233.142857142857,32949.142857142855,1031.5714285714287,91.14285714285714,90.57142857142844,0.018620223795118775
132,2021-11-20,4773.571428571428,7.857142857142857,3239.8571428571427,3995.5714285714284,32286.0,1036.857142857143,90.0,95.0,0.01990124195720485
133,2021-11-19,4678.571428571428,9.0,3350.285714285714,3896.0,32140.85714285714,1035.0,85.71428571428571,97.71428571428532,0.020885496183206023
134,2021-11-18,4580.857142857143,8.285714285714286,3411.0,3792.1428571428573,31981.285714285714,1036.2857142857142,87.71428571428571,128.57142857142844,0.02806711158236135
135,2021-11-17,4452.285714285715,9.0,3444.1428571428573,3755.4285714285716,31630.714285714286,1042.7142857142858,86.0,119.14285714285779,0.02675993069370482
136,2021-11-16,4333.142857142857,10.142857142857142,3555.5714285714284,3680.1428571428573,31304.571428571428,1050.4285714285713,87.57142857142857,36.85714285714221,0.008505868389819184
137,2021-11-15,4296.285714285715,9.571428571428571,3708.5714285714284,3709.714285714286,31175.285714285714,1054.2857142857142,93.57142857142857,81.85714285714312,0.019053002593602507
138,2021-11-14,4214.428571428572,10.285714285714286,3700.285714285714,3733.285714285714,31307.571428571428,1054.142857142857,96.28571428571429,66.57142857142844,0.015796074709331857
139,2021-11-13,4147.857142857143,11.714285714285714,3779.285714285714,3794.4285714285716,31761.428571428572,1057.142857142857,95.85714285714286,36.714285714286234,0.00885138625796465
140,2021-11-12,4111.142857142857,10.714285714285714,3913.0,3790.8571428571427,31398.571428571428,1060.857142857143,97.85714285714286,82.4285714285711,0.020050038223642982
141,2021-11-11,4028.714285714286,11.571428571428571,3957.1428571428573,3855.5714285714284,31630.14285714286,1066.2857142857142,98.14285714285714,53.0,0.013155561859508528
142,2021-11-10,3975.714285714286,12.857142857142858,4073.1428571428573,3858.4285714285716,31524.0,1064.857142857143,98.57142857142857,63.71428571428578,0.016025871361839757
143,2021-11-09,3912.0,12.285714285714286,4197.285714285715,3891.5714285714284,31518.14285714286,1060.0,99.14285714285714,165.14285714285734,0.042214431784983984
144,2021-11-08,3746.8571428571427,12.0,4246.142857142857,3936.1428571428573,31146.285714285714,1054.0,100.0,63.428571428571104,0.01692847338721968
145,2021-11-07,3683.4285714285716,11.857142857142858,4335.714285714285,3920.8571428571427,30525.714285714286,1052.142857142857,97.85714285714286,99.71428571428578,0.027071051815079135
146,2021-11-06,3583.714285714286,12.0,4382.428571428572,3857.1428571428573,29231.0,1050.4285714285713,98.71428571428571,129.0,0.035996173164314756
147,2021-11-05,3454.714285714286,12.714285714285714,4554.714285714285,3835.4285714285716,28683.14285714286,1048.0,97.57142857142857,120.85714285714312,0.03498325269817648
148,2021-11-04,3333.8571428571427,12.714285714285714,4817.857142857143,3777.5714285714284,27649.85714285714,1040.142857142857,94.0,120.0,0.035994343745982774
149,2021-11-03,3213.8571428571427,11.428571428571429,5052.428571428572,3782.1428571428573,27232.285714285714,1040.5714285714287,91.57142857142857,79.4285714285711,0.02471440636529305
150,2021-11-02,3134.4285714285716,11.571428571428571,5224.571428571428,3744.714285714286,26859.571428571428,1046.2857142857142,92.14285714285714,10.857142857143117,0.0034638348297708317
151,2021-11-01,3123.5714285714284,11.428571428571429,5518.428571428572,3702.8571428571427,26763.85714285714,1053.7142857142858,90.28571428571429,-26.42857142857156,-0.008461010747770451
152,2021-10-31,3150.0,11.142857142857142,5581.428571428572,3680.8571428571427,26644.428571428572,1058.4285714285713,92.14285714285714,-52.71428571428578,-0.01673469387755104
153,2021-10-30,3202.714285714286,11.571428571428571,5606.0,3715.5714285714284,26763.571428571428,1058.0,90.85714285714286,-95.42857142857156,-0.029796155047058338
154,2021-10-29,3298.1428571428573,11.714285714285714,5547.0,3707.0,26441.714285714286,1059.142857142857,92.28571428571429,-77.14285714285688,-0.023389786459912423
155,2021-10-28,3375.285714285714,11.142857142857142,5609.142857142857,3790.285714285714,27138.285714285714,1065.2857142857142,93.28571428571429,-66.42857142857156,-0.019680873576840095
156,2021-10-27,3441.714285714286,11.571428571428571,5710.0,3834.1428571428573,27128.571428571428,1065.4285714285713,95.57142857142857,-8.71428571428578,-0.0025319608168686888
157,2021-10-26,3450.4285714285716,11.0,5641.857142857143,3911.0,27028.285714285714,1058.5714285714287,96.57142857142857,-15.28571428571422,-0.0044300915000206826
158,2021-10-25,3465.714285714286,11.428571428571429,5442.857142857143,3990.4285714285716,27096.0,1050.0,95.14285714285714,23.28571428571422,0.006718878812860657
159,2021-10-24,3442.4285714285716,11.428571428571429,5445.857142857143,4050.285714285714,27361.0,1040.857142857143,94.14285714285714,1.857142857143117,0.0005394862431008764
160,2021-10-23,3440.5714285714284,10.571428571428571,5421.857142857143,4211.142857142857,27599.0,1035.2857142857142,96.0,-10.428571428571558,-0.0030310579637934276
161,2021-10-22,3451.0,10.0,5652.285714285715,4267.428571428572,28373.285714285714,1024.142857142857,98.42857142857143,-50.28571428571422,-0.014571345779691169
162,2021-10-21,3501.285714285714,9.285714285714286,5634.142857142857,4258.428571428572,28370.571428571428,1012.1428571428571,96.0,-86.71428571428578,-0.024766412338324717
163,2021-10-20,3588.0,9.0,5993.0,4284.142857142857,28012.0,999.0,96.42857142857143,-134.57142857142844,-0.03750597228858095
164,2021-10-19,3722.5714285714284,9.571428571428571,6233.428571428572,4331.142857142857,27578.0,987.4285714285714,96.14285714285714,-77.71428571428578,-0.02087650625527671
165,2021-10-18,3800.285714285714,9.285714285714286,6567.428571428572,4330.142857142857,26684.14285714286,969.4285714285714,95.57142857142857,-75.0,-0.019735358243741074
166,2021-10-17,3875.285714285714,9.0,6397.142857142857,4351.428571428572,26191.0,954.1428571428571,97.0,12.428571428571558,0.0032071368009732337
167,2021-10-16,3862.8571428571427,9.0,6232.0,4396.142857142857,25256.571428571428,938.2857142857143,98.0,28.857142857142662,0.0074704142011833815
168,2021-10-15,3834.0,7.857142857142857,6321.428571428572,4490.428571428572,24237.714285714286,925.4285714285714,96.57142857142857,71.14285714285734,0.01855577911915945
169,2021-10-14,3762.8571428571427,8.857142857142858,6615.857142857143,4541.285714285715,23437.714285714286,909.0,101.42857142857143,112.85714285714266,0.029992406985573223
170,2021-10-13,3650.0,8.142857142857142,6636.857142857143,4564.571428571428,23405.285714285714,893.2857142857143,100.85714285714286,147.71428571428578,0.040469667318982404
171,2021-10-12,3502.285714285714,8.714285714285714,6615.571428571428,4569.571428571428,23141.428571428572,877.2857142857143,99.14285714285714,97.0,0.027696198401044217
172,2021-10-11,3405.285714285714,9.142857142857142,6406.428571428572,4659.571428571428,23125.85714285714,873.8571428571429,96.42857142857143,82.85714285714266,0.024331920963208402
173,2021-10-10,3322.4285714285716,8.571428571428571,6430.857142857143,4717.857142857143,23084.714285714286,871.2857142857143,89.57142857142857,45.571428571428896,0.013716300468676194
174,2021-10-09,3276.8571428571427,8.714285714285714,6451.857142857143,4704.714285714285,22692.0,869.1428571428571,84.85714285714286,88.71428571428532,0.027072979335600197
175,2021-10-08,3188.1428571428573,9.142857142857142,6174.571428571428,4750.571428571428,22896.571428571428,870.0,81.85714285714286,71.14285714285734,0.022314827261728787
176,2021-10-07,3117.0,9.285714285714286,5784.428571428572,4761.714285714285,22681.714285714286,872.8571428571429,78.85714285714286,101.28571428571422,0.03249461478527887
177,2021-10-06,3015.714285714286,10.714285714285714,5347.0,4776.714285714285,22168.428571428572,880.7142857142857,75.85714285714286,42.57142857142844,0.014116532449076223
178,2021-10-05,2973.1428571428573,11.428571428571429,5108.857142857143,4810.142857142857,21820.14285714286,891.0,73.14285714285714,74.85714285714312,0.025177782048818074
179,2021-10-04,2898.285714285714,11.0,4908.571428571428,4790.142857142857,21782.14285714286,896.7142857142857,74.85714285714286,30.142857142856883,0.010400236593059848
180,2021-10-03,2868.1428571428573,11.428571428571429,4916.857142857143,4799.285714285715,21396.714285714286,900.7142857142857,74.71428571428571,40.85714285714312,0.014245156148827105
181,2021-10-02,2827.285714285714,10.857142857142858,4867.142857142857,4840.571428571428,20170.285714285714,904.5714285714286,76.85714285714286,67.0,0.0236976403415694
182,2021-10-01,2760.285714285714,11.285714285714286,4636.714285714285,4849.142857142857,19751.571428571428,910.5714285714286,75.71428571428571,46.71428571428578,0.016923713901252482
183,2021-09-30,2713.5714285714284,11.857142857142858,4450.142857142857,4980.428571428572,19367.14285714286,919.7142857142857,73.14285714285714,5.142857142856883,0.0018952355883126181
184,2021-09-29,2708.4285714285716,12.142857142857142,4164.285714285715,5084.714285714285,18930.428571428572,931.0,73.85714285714286,40.42857142857156,0.014926947623819868
185,2021-09-28,2668.0,10.571428571428571,3929.0,5200.714285714285,18580.285714285714,941.8571428571429,73.71428571428571,-21.57142857142844,-0.008085243092739296
186,2021-09-27,2689.5714285714284,11.285714285714286,3747.5714285714284,5393.285714285715,18021.714285714286,951.1428571428571,73.57142857142857,2.5714285714284415,0.0009560737239071063
187,2021-09-26,2687.0,11.142857142857142,3716.714285714286,5460.714285714285,17650.14285714286,963.1428571428571,75.71428571428571,-18.857142857142662,-0.007017916954649297
188,2021-09-25,2705.8571428571427,12.285714285714286,3712.4285714285716,5746.142857142857,16837.0,976.0,75.57142857142857,-29.142857142857338,-0.010770286679689635
189,2021-09-24,2735.0,11.857142857142858,3611.8571428571427,5943.714285714285,15223.857142857143,986.4285714285714,78.0,-21.0,-0.007678244972577696
190,2021-09-23,2756.0,12.285714285714286,3671.1428571428573,6248.714285714285,13513.42857142857,995.7142857142857,81.14285714285714,-5.857142857142662,-0.002125233257308658
191,2021-09-22,2761.8571428571427,11.0,3618.0,6519.142857142857,11623.142857142857,1006.1428571428571,81.0,-18.42857142857156,-0.006672528836704128
192,2021-09-21,2780.285714285714,10.714285714285714,3566.8571428571427,6775.142857142857,10030.42857142857,1017.0,82.85714285714286,48.14285714285688,0.017315794882334715
193,2021-09-20,2732.1428571428573,10.142857142857142,3571.1428571428573,7136.142857142857,8326.857142857143,1034.5714285714287,84.42857142857143,24.857142857143117,0.009098039215686369
194,2021-09-19,2707.285714285714,10.142857142857142,3618.285714285714,7325.0,7621.0,1055.142857142857,84.14285714285714,24.0,0.008864967547886656
195,2021-09-18,2683.285714285714,10.142857142857142,3691.0,7673.714285714285,5672.428571428572,1075.142857142857,83.71428571428571,2.8571428571426623,0.0010647926316349164
196,2021-09-17,2680.4285714285716,10.0,3619.1428571428573,8114.571428571428,4014.0,1097.0,82.14285714285714,56.85714285714312,0.021211959707935928
197,2021-09-16,2623.5714285714284,9.285714285714286,3419.0,8400.0,2496.714285714286,1120.7142857142858,84.28571428571429,55.71428571428578,0.021236046828205853
198,2021-09-15,2567.8571428571427,9.285714285714286,3363.1428571428573,8687.714285714286,1504.0,1143.2857142857142,85.57142857142857,46.85714285714266,0.018247566063977674
199,2021-09-14,2521.0,9.714285714285714,3316.5714285714284,9005.0,872.5714285714286,1171.7142857142858,86.14285714285714,45.28571428571422,0.01796339321131068
200,2021-09-13,2475.714285714286,10.0,3264.5714285714284,9283.857142857143,660.5714285714286,1190.4285714285713,86.28571428571429,44.85714285714312,0.018118869013271886
201,2021-09-12,2430.8571428571427,9.857142857142858,3263.0,9484.285714285714,612.7142857142857,1201.857142857143,89.28571428571429,-8.857142857143117,-0.0036436295251529045
202,2021-09-11,2439.714285714286,10.285714285714286,3261.285714285714,9893.285714285714,417.57142857142856,1214.0,93.71428571428571,-21.71428571428578,-0.0089003396182223
203,2021-09-10,2461.4285714285716,10.714285714285714,3273.714285714286,10235.714285714286,250.0,1224.2857142857142,97.28571428571429,-58.71428571428578,-0.02385374347069068
204,2021-09-09,2520.1428571428573,10.285714285714286,3320.1428571428573,10753.57142857143,179.85714285714286,1225.857142857143,98.85714285714286,-105.28571428571422,-0.04177767700243747
205,2021-09-08,2625.4285714285716,10.142857142857142,3326.4285714285716,11161.285714285714,88.0,1225.857142857143,105.14285714285714,-117.28571428571422,-0.044672978561323295
206,2021-09-07,2742.714285714286,11.571428571428571,3346.8571428571427,11664.285714285714,76.0,1216.5714285714287,109.85714285714286,-147.42857142857156,-0.053752799624980516
207,2021-09-06,2890.1428571428573,11.428571428571429,3395.285714285714,12229.714285714286,75.71428571428571,1205.7142857142858,116.14285714285714,-91.71428571428532,-0.03173347832534216
208,2021-09-05,2981.8571428571427,13.0,3479.5714285714284,12754.285714285714,73.28571428571429,1195.5714285714287,117.42857142857143,-75.5714285714289,-0.025343745508551827
209,2021-09-04,3057.4285714285716,11.428571428571429,3648.285714285714,13469.42857142857,22.714285714285715,1184.857142857143,114.42857142857143,-137.57142857142844,-0.04499579478553402
210,2021-09-03,3195.0,12.0,3851.714285714286,14078.857142857143,23.857142857142858,1174.7142857142858,114.57142857142857,-143.57142857142844,-0.04493628437290405
211,2021-09-02,3338.5714285714284,12.857142857142858,4117.428571428572,14653.714285714286,22.857142857142858,1176.4285714285713,115.71428571428571,-66.14285714285734,-0.01981172443303386
212,2021-09-01,3404.714285714286,13.285714285714286,4429.714285714285,15314.42857142857,23.285714285714285,1179.4285714285713,114.42857142857143,-49.71428571428578,-0.014601602819619874
213,2021-08-31,3454.4285714285716,11.0,4794.428571428572,16229.714285714286,25.0,1185.7142857142858,117.0,145.5714285714289,0.04214052355154883
214,2021-08-30,3308.8571428571427,11.285714285714286,4679.428571428572,15677.42857142857,25.285714285714285,1187.857142857143,117.57142857142857,60.0,0.01813314912356446
215,2021-08-29,3248.8571428571427,9.714285714285714,4788.0,15967.42857142857,24.714285714285715,1188.857142857143,120.14285714285714,15.857142857142662,0.0048808372174830115
216,2021-08-28,3233.0,10.857142857142858,4834.285714285715,16162.57142857143,22.714285714285715,1191.7142857142858,124.14285714285714,55.85714285714266,0.01727718616057614
217,2021-08-27,3177.1428571428573,10.142857142857142,4990.285714285715,16743.714285714286,21.714285714285715,1196.7142857142858,125.57142857142857,80.5714285714289,0.02535971223021593
218,2021-08-26,3096.5714285714284,9.571428571428571,5235.428571428572,17565.714285714286,20.714285714285715,1194.857142857143,124.57142857142857,21.71428571428578,0.007012363904779501
219,2021-08-25,3074.8571428571427,10.857142857142858,5417.857142857143,18345.285714285714,21.285714285714285,1185.857142857143,126.71428571428571,42.0,0.013659171157777365
220,2021-08-24,3032.8571428571427,12.428571428571429,5562.285714285715,18724.0,20.285714285714285,1174.857142857143,130.14285714285714,-111.85714285714312,-0.036881771078662355
221,2021-08-23,3144.714285714286,12.142857142857142,6139.285714285715,20610.85714285714,21.142857142857142,1175.857142857143,130.28571428571428,-62.14285714285688,-0.019761050288465823
222,2021-08-22,3206.8571428571427,13.0,6454.142857142857,21452.85714285714,21.428571428571427,1174.142857142857,132.57142857142858,-11.71428571428578,-0.0036528866714184097
223,2021-08-21,3218.5714285714284,13.571428571428571,6878.857142857143,22577.428571428572,21.857142857142858,1170.142857142857,133.71428571428572,-4.0,-0.001242787394584998
224,2021-08-20,3222.5714285714284,13.285714285714286,7196.142857142857,23375.285714285714,21.857142857142858,1159.142857142857,134.85714285714286,-54.14285714285734,-0.016801134852380592
225,2021-08-19,3276.714285714286,13.285714285714286,7141.571428571428,23987.14285714286,22.142857142857142,1146.142857142857,138.42857142857142,-39.71428571428578,-0.012120155207742967
226,2021-08-18,3316.4285714285716,11.857142857142858,6940.857142857143,24418.0,22.857142857142858,1134.4285714285713,139.42857142857142,-44.0,-0.01326728408356666
227,2021-08-17,3360.4285714285716,13.285714285714286,6800.857142857143,24828.0,22.428571428571427,1119.5714285714287,131.71428571428572,-38.57142857142844,-0.011478127789822688
228,2021-08-16,3399.0,13.0,6682.571428571428,25223.0,21.142857142857142,1103.4285714285713,128.71428571428572,-5.4285714285715585,-0.0015971083932249362
229,2021-08-15,3404.4285714285716,12.428571428571429,6466.571428571428,25581.14285714286,23.285714285714285,1088.857142857143,122.28571428571429,-31.57142857142844,-0.00927363518106664
230,2021-08-14,3436.0,10.571428571428571,6167.142857142857,26113.0,23.0,1072.0,123.0,-84.85714285714266,-0.024696490936304615
231,2021-08-13,3520.8571428571427,10.714285714285714,5785.0,26264.285714285714,22.714285714285715,1059.5714285714287,122.71428571428571,-56.0,-0.015905217885255216
232,2021-08-12,3576.8571428571427,9.714285714285714,5603.0,26643.571428571428,22.428571428571427,1047.857142857143,121.85714285714286,-80.85714285714312,-0.02260563942806941
233,2021-08-11,3657.714285714286,9.857142857142858,5580.857142857143,26622.428571428572,21.142857142857142,1040.857142857143,118.28571428571429,-14.857142857142662,-0.004061865333541581
234,2021-08-10,3672.5714285714284,8.285714285714286,5545.714285714285,26668.428571428572,20.142857142857142,1040.0,116.57142857142857,7.0,0.0019060214719153572
235,2021-08-09,3665.5714285714284,8.571428571428571,5395.142857142857,26505.285714285714,20.285714285714285,1038.7142857142858,111.71428571428571,-22.0,-0.006001792743286956
236,2021-08-08,3687.5714285714284,9.0,5376.857142857143,26464.285714285714,21.142857142857142,1040.142857142857,115.0,-9.571428571428896,-0.002595591368690283
237,2021-08-07,3697.1428571428573,10.285714285714286,5366.142857142857,26604.14285714286,22.142857142857142,1042.7142857142858,111.14285714285714,4.4285714285715585,0.0011978361669243009
238,2021-08-06,3692.714285714286,10.0,5304.428571428572,26445.14285714286,21.142857142857142,1045.4285714285713,110.57142857142857,-39.71428571428578,-0.01075476807613449
239,2021-08-05,3732.4285714285716,10.714285714285714,5302.571428571428,26217.571428571428,22.0,1047.0,110.14285714285714,10.71428571428578,0.0028705936387645138
240,2021-08-04,3721.714285714286,11.0,5236.571428571428,25775.285714285714,21.142857142857142,1047.142857142857,109.0,-13.28571428571422,-0.003569783509903253
241,2021-08-03,3735.0,9.714285714285714,5180.571428571428,25488.14285714286,21.285714285714285,1049.4285714285713,112.0,-15.71428571428578,-0.0042073054121247065
242,2021-08-02,3750.714285714286,10.142857142857142,5156.142857142857,25104.85714285714,20.142857142857142,1060.857142857143,113.0,31.42857142857156,0.008379356313083256
243,2021-08-01,3719.285714285714,10.0,5183.0,25305.714285714286,17.428571428571427,1057.5714285714287,114.57142857142857,49.42857142857156,0.013289802189360512
244,2021-07-31,3669.8571428571427,8.285714285714286,5168.714285714285,25311.14285714286,17.0,1058.7142857142858,117.71428571428571,53.428571428571104,0.014558760558994034
245,2021-07-30,3616.4285714285716,7.857142857142857,5190.857142857143,25426.285714285714,17.285714285714285,1056.5714285714287,119.42857142857143,56.28571428571422,0.01556389492395811
246,2021-07-29,3560.1428571428573,7.571428571428571,5267.142857142857,25506.85714285714,15.428571428571429,1043.4285714285713,119.14285714285714,47.14285714285734,0.013241844227759775
247,2021-07-28,3513.0,6.0,5406.571428571428,25974.428571428572,15.714285714285714,1040.7142857142858,118.14285714285714,16.57142857142844,0.004717172949453015
248,2021-07-27,3496.4285714285716,6.571428571428571,5506.285714285715,26281.85714285714,16.285714285714285,1028.857142857143,119.85714285714286,-7.857142857142662,-0.0022471910112358993
249,2021-07-26,3504.285714285714,6.0,5597.428571428572,26650.571428571428,17.571428571428573,1000.2857142857143,128.85714285714286,-26.857142857143117,-0.0076640847941297115
250,2021-07-25,3531.1428571428573,5.428571428571429,5615.571428571428,26649.428571428572,17.857142857142858,981.2857142857143,129.85714285714286,-64.0,-0.018124443725220485
251,2021-07-24,3595.1428571428573,5.857142857142857,5746.428571428572,27121.428571428572,17.285714285714285,955.2857142857143,131.28571428571428,-81.57142857142844,-0.02268934276404669
252,2021-07-23,3676.714285714286,5.857142857142857,5928.428571428572,27738.85714285714,18.571428571428573,921.7142857142857,128.14285714285714,-58.85714285714266,-0.01600808175000966
253,2021-07-22,3735.5714285714284,6.428571428571429,6050.142857142857,28237.0,19.428571428571427,893.1428571428571,129.85714285714286,-117.0,-0.03132050938850434
254,2021-07-21,3852.5714285714284,5.857142857142857,6236.142857142857,28772.714285714286,21.142857142857142,848.8571428571429,132.71428571428572,-179.14285714285734,-0.0464995550281816
255,2021-07-20,4031.714285714286,5.285714285714286,6292.571428571428,28473.85714285714,20.714285714285715,800.4285714285714,131.28571428571428,-298.99999999999955,-0.07416200127560048
256,2021-07-19,4330.714285714285,5.142857142857143,6432.428571428572,28062.428571428572,19.714285714285715,756.1428571428571,124.85714285714286,-234.57142857142935,-0.05416460498103268
257,2021-07-18,4565.285714285715,5.0,6606.0,28461.571428571428,18.428571428571427,711.0,120.71428571428571,-280.28571428571377,-0.06139499953061915
258,2021-07-17,4845.571428571428,4.428571428571429,7090.285714285715,28384.85714285714,19.428571428571427,673.5714285714286,115.85714285714286,-458.42857142857156,-0.09460774197352519
259,2021-07-16,5304.0,4.142857142857143,7434.857142857143,28208.285714285714,18.857142857142858,643.4285714285714,113.14285714285714,-500.57142857142844,-0.09437621202327082
260,2021-07-15,5804.571428571428,3.0,7908.571428571428,27854.285714285714,18.142857142857142,620.5714285714286,104.85714285714286,-255.71428571428623,-0.044053947627485816
261,2021-07-14,6060.285714285715,3.142857142857143,8240.0,27898.0,15.571428571428571,595.8571428571429,99.14285714285714,-21.42857142857065,-0.0035359011833481337
262,2021-07-13,6081.714285714285,2.5714285714285716,8668.142857142857,27687.571428571428,15.857142857142858,574.7142857142857,94.28571428571429,166.71428571428532,0.02741238372639287
263,2021-07-12,5915.0,2.4285714285714284,9004.42857142857,27164.714285714286,16.0,555.7142857142857,91.28571428571429,177.14285714285688,0.029948073904117817
264,2021-07-11,5737.857142857143,2.7142857142857144,9218.42857142857,25854.285714285714,16.142857142857142,540.4285714285714,86.28571428571429,261.2857142857147,0.04553715921822489
265,2021-07-10,5476.571428571428,2.857142857142857,9910.42857142857,25135.428571428572,15.571428571428571,519.0,81.14285714285714,497.42857142857156,0.09082846410684477
266,2021-07-09,4979.142857142857,2.7142857142857144,10819.857142857143,24724.0,14.571428571428571,497.85714285714283,78.71428571428571,590.1428571428569,0.11852298158030637
267,2021-07-08,4389.0,2.142857142857143,11695.285714285714,24035.0,16.428571428571427,474.42857142857144,78.14285714285714,296.14285714285734,0.06747387950395474
268,2021-07-07,4092.8571428571427,2.0,12247.285714285714,23657.428571428572,18.285714285714285,454.0,74.71428571428571,183.85714285714266,0.044921465968586344
269,2021-07-06,3909.0,1.8571428571428572,12546.857142857143,23476.14285714286,18.428571428571427,435.0,69.57142857142857,158.28571428571422,0.04049263604136972
270,2021-07-05,3750.714285714286,2.142857142857143,13238.42857142857,23846.714285714286,18.714285714285715,413.57142857142856,63.714285714285715,92.85714285714312,0.02475718910683686
271,2021-07-04,3657.8571428571427,2.142857142857143,14176.714285714286,24100.0,18.571428571428573,394.14285714285717,62.0,81.14285714285688,0.022183167350126858
272,2021-07-03,3576.714285714286,2.0,15055.0,23834.428571428572,18.857142857142858,376.7142857142857,58.857142857142854,101.42857142857156,0.0283580301154292
273,2021-07-02,3475.285714285714,1.8571428571428572,15552.285714285714,23736.85714285714,19.0,360.7142857142857,53.714285714285715,84.0,0.02417067455913183
274,2021-07-01,3391.285714285714,2.4285714285714284,16167.285714285714,24211.285714285714,17.571428571428573,349.0,46.714285714285715,202.57142857142844,0.05973292893550693
275,2021-06-30,3188.714285714286,2.4285714285714284,17333.0,24823.285714285714,18.285714285714285,337.14285714285717,45.142857142857146,146.57142857142844,0.045965682541104745
276,2021-06-29,3042.1428571428573,2.2857142857142856,18713.0,25169.428571428572,18.857142857142858,325.7142857142857,45.0,141.0,0.04634890819441183
277,2021-06-28,2901.1428571428573,2.4285714285714284,19813.14285714286,25197.714285714286,19.571428571428573,316.85714285714283,41.57142857142857,106.14285714285734,0.036586566870199004
278,2021-06-27,2795.0,2.2857142857142856,21460.0,25920.285714285714,19.857142857142858,304.2857142857143,39.285714285714285,137.14285714285734,0.049067211857909604
279,2021-06-26,2657.8571428571427,2.0,24026.85714285714,26376.0,18.285714285714285,296.85714285714283,38.285714285714285,126.71428571428532,0.047675356087073226
280,2021-06-25,2531.1428571428573,2.2857142857142856,26169.0,26917.571428571428,20.142857142857142,291.57142857142856,37.42857142857143,162.71428571428578,0.06428490800316065
281,2021-06-24,2368.4285714285716,1.5714285714285714,28465.714285714286,26721.571428571428,22.285714285714285,285.42857142857144,36.285714285714285,158.71428571428578,0.06701248567464868
282,2021-06-23,2209.714285714286,1.7142857142857142,29870.714285714286,25930.14285714286,22.571428571428573,280.57142857142856,33.142857142857146,172.71428571428578,0.07816136539953455
283,2021-06-22,2037.0,2.0,31121.714285714286,26044.285714285714,22.142857142857142,280.42857142857144,29.571428571428573,174.1428571428571,0.08548986604951257
284,2021-06-21,1862.857142857143,1.8571428571428572,31343.714285714286,25797.85714285714,22.0,280.57142857142856,27.857142857142858,131.28571428571422,0.07047546012269935
285,2021-06-20,1731.5714285714287,1.7142857142857142,32601.571428571428,25006.714285714286,21.571428571428573,284.7142857142857,27.0,114.0,0.06583615213266232
286,2021-06-19,1617.5714285714287,1.8571428571428572,34716.142857142855,25002.285714285714,22.571428571428573,287.57142857142856,26.428571428571427,145.57142857142867,0.08999381789278466
287,2021-06-18,1472.0,2.0,35546.857142857145,25220.14285714286,21.571428571428573,288.0,26.428571428571427,94.14285714285711,0.06395574534161488
288,2021-06-17,1377.857142857143,2.0,35870.28571428572,25776.0,20.571428571428573,290.0,27.714285714285715,115.42857142857156,0.08377397615344748
289,2021-06-16,1262.4285714285713,11.714285714285714,36132.142857142855,26465.428571428572,19.0,289.57142857142856,27.142857142857142,69.71428571428555,0.05522236052959137
290,2021-06-15,1192.7142857142858,11.714285714285714,36112.71428571428,27065.0,19.428571428571427,288.0,28.714285714285715,63.71428571428578,0.05341957120613252
291,2021-06-14,1129.0,11.857142857142858,36016.28571428572,28272.571428571428,19.285714285714285,285.42857142857144,30.714285714285715,29.14285714285711,0.025812982411742347
292,2021-06-13,1099.857142857143,11.857142857142858,35384.142857142855,28759.571428571428,19.428571428571427,283.85714285714283,31.0,21.71428571428578,0.01974282374334335
293,2021-06-12,1078.142857142857,11.714285714285714,34230.42857142857,28965.14285714286,19.142857142857142,278.7142857142857,30.428571428571427,14.28571428571422,0.013250298131707904
294,2021-06-11,1063.857142857143,11.571428571428571,33949.71428571428,29576.85714285714,19.285714285714285,274.85714285714283,30.714285714285715,43.428571428571445,0.040821807439237294
295,2021-06-10,1020.4285714285714,12.0,33580.28571428572,30302.85714285714,21.142857142857142,270.0,30.428571428571427,12.285714285714334,0.012039759204815951
296,2021-06-09,1008.1428571428571,2.2857142857142856,33099.42857142857,31112.714285714286,23.142857142857142,269.0,31.571428571428573,29.14285714285711,0.028907467762505284
297,2021-06-08,979.0,2.142857142857143,32013.571428571428,31919.571428571428,24.0,263.2857142857143,29.142857142857142,27.285714285714334,0.027871005399095337
298,2021-06-07,951.7142857142857,1.7142857142857142,31570.0,32685.714285714286,22.857142857142858,258.57142857142856,26.857142857142858,14.28571428571422,0.015010507355148537
299,2021-06-06,937.4285714285714,1.5714285714285714,31516.85714285714,33369.57142857143,22.428571428571427,255.14285714285714,25.857142857142858,24.85714285714289,0.026516306004267028
300,2021-06-05,912.5714285714286,1.8571428571428572,30457.285714285714,34796.0,20.857142857142858,252.85714285714286,24.285714285714285,33.714285714285666,0.03694427050720095
301,2021-06-04,878.8571428571429,1.4285714285714286,29863.285714285714,35168.0,21.428571428571427,250.71428571428572,22.571428571428573,28.428571428571445,0.032347204161248394
302,2021-06-03,850.4285714285714,1.5714285714285714,29563.0,35545.57142857143,20.0,246.71428571428572,21.285714285714285,37.571428571428555,0.044179405341844426
303,2021-06-02,812.8571428571429,1.1428571428571428,29416.0,35495.857142857145,16.857142857142858,242.57142857142858,19.285714285714285,54.571428571428555,0.06713532513181017
304,2021-06-01,758.2857142857143,0.8571428571428571,29303.14285714286,35529.0,13.857142857142858,240.71428571428572,20.571428571428573,71.71428571428578,0.09457422758100988
305,2021-05-31,686.5714285714286,0.8571428571428571,30136.0,33935.42857142857,13.428571428571429,238.14285714285714,21.0,38.0,0.05534748231377445
306,2021-05-30,648.5714285714286,0.8571428571428571,29466.428571428572,32943.0,13.571428571428571,237.57142857142858,19.714285714285715,30.428571428571445,0.046916299559471394
307,2021-05-29,618.1428571428571,1.0,29117.285714285714,32044.0,13.857142857142858,237.71428571428572,19.857142857142858,38.857142857142776,0.06286110469147202
308,2021-05-28,579.2857142857143,1.2857142857142858,29773.85714285714,32805.0,12.714285714285714,235.85714285714286,20.285714285714285,39.57142857142867,0.06831072749691755
309,2021-05-27,539.7142857142857,0.8571428571428571,31517.85714285714,33732.42857142857,11.0,235.28571428571428,19.857142857142858,46.99999999999994,0.08708311275807296
310,2021-05-26,492.7142857142857,1.0,32660.85714285714,34453.71428571428,11.428571428571429,234.85714285714286,19.857142857142858,41.28571428571428,0.08379240359524498
311,2021-05-25,451.42857142857144,1.5714285714285714,33821.0,35096.142857142855,12.0,235.71428571428572,18.0,19.285714285714278,0.04272151898734175
312,2021-05-24,432.14285714285717,1.5714285714285714,33041.71428571428,36808.142857142855,12.0,237.14285714285714,17.571428571428573,17.142857142857167,0.03966942148760336
313,2021-05-23,415.0,1.5714285714285714,32791.142857142855,38199.71428571428,13.0,237.57142857142858,16.857142857142858,19.428571428571445,0.046815834767642034
314,2021-05-22,395.57142857142856,1.5714285714285714,32715.428571428572,39976.857142857145,13.0,237.28571428571428,16.428571428571427,22.428571428571388,0.056699169375225615
315,2021-05-21,373.14285714285717,1.5714285714285714,32271.571428571428,40461.142857142855,12.0,240.14285714285714,15.571428571428571,27.285714285714334,0.07312404287902004
316,2021-05-20,345.85714285714283,1.4285714285714286,31104.285714285714,40225.0,10.857142857142858,242.14285714285714,16.571428571428573,17.857142857142833,0.05163155720776532
317,2021-05-19,328.0,1.7142857142857142,31065.85714285714,39858.57142857143,11.142857142857142,242.57142857142858,15.857142857142858,13.571428571428555,0.04137630662020901
318,2021-05-18,314.42857142857144,1.1428571428571428,30308.285714285714,39149.28571428572,10.714285714285714,243.0,16.285714285714285,5.714285714285722,0.018173557473875536
319,2021-05-17,308.7142857142857,1.5714285714285714,30128.0,38205.857142857145,11.571428571428571,245.14285714285714,16.571428571428573,8.142857142857167,0.026376677464137053
320,2021-05-16,300.57142857142856,1.5714285714285714,29781.14285714286,37422.0,10.285714285714286,248.71428571428572,16.285714285714285,7.857142857142833,0.02614068441064631
321,2021-05-15,292.7142857142857,1.4285714285714286,29656.571428571428,35630.142857142855,10.285714285714286,252.28571428571428,15.857142857142858,3.142857142857167,0.010736944851146984
322,2021-05-14,289.57142857142856,1.4285714285714286,29741.285714285714,35045.28571428572,10.857142857142858,251.85714285714286,15.714285714285714,9.428571428571388,0.03256043413912171
323,2021-05-13,280.14285714285717,1.4285714285714286,28741.85714285714,34416.42857142857,11.0,254.42857142857142,14.428571428571429,18.142857142857167,0.06476287608363088
324,2021-05-12,262.0,1.0,27107.428571428572,34884.71428571428,9.857142857142858,259.2857142857143,14.142857142857142,4.428571428571445,0.016902944383860478
325,2021-05-11,257.57142857142856,1.2857142857142858,26514.0,36056.857142857145,10.142857142857142,264.42857142857144,13.857142857142858,-3.142857142857167,-0.012201885745979019
326,2021-05-10,260.7142857142857,0.8571428571428571,25907.14285714286,35607.28571428572,8.714285714285714,267.57142857142856,13.571428571428571,-9.0,-0.034520547945205475
327,2021-05-09,269.7142857142857,1.1428571428571428,24603.14285714286,36022.57142857143,8.285714285714286,269.42857142857144,14.285714285714286,0.4285714285714448,0.0015889830508475178
328,2021-05-08,269.2857142857143,0.8571428571428571,22576.428571428572,37540.42857142857,8.285714285714286,271.85714285714283,14.142857142857142,2.0,0.007427055702917772
329,2021-05-07,267.2857142857143,1.4285714285714286,20513.14285714286,38814.142857142855,8.285714285714286,274.85714285714283,14.571428571428571,-5.285714285714278,-0.01977552111170494
330,2021-05-06,272.57142857142856,1.5714285714285714,19190.428571428572,40586.71428571428,8.571428571428571,277.2857142857143,14.285714285714286,-7.142857142857167,-0.026205450733752713
331,2021-05-05,279.7142857142857,2.142857142857143,18679.85714285714,40200.28571428572,8.714285714285714,278.57142857142856,15.0,-2.571428571428555,-0.009193054136874303
332,2021-05-04,282.2857142857143,1.8571428571428572,18461.714285714286,38072.71428571428,8.285714285714286,280.14285714285717,13.428571428571429,16.0,0.05668016194331984
333,2021-05-03,266.2857142857143,2.2857142857142856,17794.14285714286,35727.857142857145,8.0,285.14285714285717,12.571428571428571,14.857142857142861,0.05579399141630903
334,2021-05-02,251.42857142857142,2.0,17746.0,34066.857142857145,8.285714285714286,290.0,11.857142857142858,0.5714285714285552,0.0022727272727272084
335,2021-05-01,250.85714285714286,2.0,17546.714285714286,31666.428571428572,7.428571428571429,293.42857142857144,12.142857142857142,-0.4285714285714164,-0.0017084282460136189
336,2021-04-30,251.28571428571428,1.5714285714285714,17201.428571428572,29731.285714285714,7.0,299.57142857142856,11.571428571428571,12.0,0.047754405912450254
337,2021-04-29,239.28571428571428,2.0,16981.428571428572,28416.0,8.714285714285714,307.57142857142856,11.857142857142858,-3.428571428571445,-0.014328358208955292
338,2021-04-28,242.71428571428572,1.4285714285714286,16836.85714285714,28675.14285714286,9.142857142857142,317.42857142857144,11.428571428571429,4.285714285714306,0.017657445556209617
339,2021-04-27,238.42857142857142,2.2857142857142856,16271.142857142857,30197.285714285714,9.428571428571429,328.2857142857143,13.571428571428571,-10.714285714285722,-0.044937088076692666
340,2021-04-26,249.14285714285714,1.8571428571428572,16446.85714285714,32541.285714285714,9.857142857142858,336.85714285714283,13.857142857142858,-14.000000000000028,-0.05619266055045883
341,2021-04-25,263.14285714285717,2.0,15959.142857142857,33919.0,10.0,346.42857142857144,14.714285714285714,-8.571428571428555,-0.03257328990228007
342,2021-04-24,271.7142857142857,2.0,15665.285714285714,35140.42857142857,11.428571428571429,361.2857142857143,15.142857142857142,-1.4285714285714448,-0.005257623554153582
343,2021-04-23,273.14285714285717,2.2857142857142856,15355.714285714286,36199.28571428572,12.857142857142858,376.0,16.714285714285715,-15.857142857142833,-0.05805439330543924
344,2021-04-22,289.0,1.7142857142857142,14986.714285714286,36238.57142857143,11.142857142857142,388.0,16.571428571428573,-11.714285714285722,-0.040533860603064784
345,2021-04-21,300.7142857142857,2.142857142857143,14865.857142857143,36785.28571428572,11.428571428571429,402.2857142857143,17.142857142857142,-13.0,-0.043230403800475055
346,2021-04-20,313.7142857142857,1.2857142857142858,15065.285714285714,36180.28571428572,11.0,412.42857142857144,16.285714285714285,-10.0,-0.03187613843351548
347,2021-04-19,323.7142857142857,2.0,15698.714285714286,36664.28571428572,11.285714285714286,424.42857142857144,17.0,-16.285714285714278,-0.05030891438658426
348,2021-04-18,340.0,1.8571428571428572,16327.42857142857,37069.857142857145,11.0,437.57142857142856,17.0,2.2857142857142776,0.006722689075630228
349,2021-04-17,337.7142857142857,3.142857142857143,16523.85714285714,38258.71428571428,9.857142857142858,448.0,16.142857142857142,-11.714285714285722,-0.03468697123519461
350,2021-04-16,349.42857142857144,2.5714285714285716,16875.714285714286,39104.42857142857,8.285714285714286,459.85714285714283,15.0,0.8571428571428896,0.002452984464431818
351,2021-04-15,348.57142857142856,3.2857142857142856,16688.285714285714,39873.71428571428,8.142857142857142,470.57142857142856,15.0,13.428571428571388,0.038524590163934315
352,2021-04-14,335.14285714285717,3.2857142857142856,17007.14285714286,39718.857142857145,7.285714285714286,479.14285714285717,15.428571428571429,10.571428571428612,0.03154305200341018
353,2021-04-13,324.57142857142856,3.2857142857142856,15527.857142857143,39353.142857142855,7.0,490.85714285714283,16.142857142857142,6.0,0.018485915492957746
354,2021-04-12,318.57142857142856,3.142857142857143,14003.285714285714,38226.57142857143,6.428571428571429,499.42857142857144,17.285714285714285,11.857142857142833,0.037219730941703964
355,2021-04-11,306.7142857142857,3.142857142857143,13303.0,37084.57142857143,6.428571428571429,507.0,18.857142857142858,-8.857142857142833,-0.02887750349324631
356,2021-04-10,315.57142857142856,2.857142857142857,12324.42857142857,36720.42857142857,7.285714285714286,515.8571428571429,21.142857142857142,-6.285714285714278,-0.019918515165233113
357,2021-04-09,321.85714285714283,2.7142857142857144,10984.0,36036.28571428572,7.0,524.4285714285714,22.142857142857142,-1.2857142857143344,-0.003994673768309073
358,2021-04-08,323.14285714285717,2.857142857142857,9903.0,36093.42857142857,6.571428571428571,534.5714285714286,24.0,-11.0,-0.03404067197170645
359,2021-04-07,334.14285714285717,2.4285714285714284,7995.0,36906.71428571428,7.0,543.7142857142857,24.714285714285715,-8.0,-0.02394185549380077
360,2021-04-06,342.14285714285717,2.5714285714285716,8538.57142857143,35518.42857142857,7.142857142857143,555.1428571428571,25.0,13.0,0.03799582463465553
361,2021-04-05,329.14285714285717,2.5714285714285716,8532.142857142857,33012.857142857145,6.857142857142857,571.7142857142857,24.571428571428573,13.0,0.039496527777777776
362,2021-04-04,316.14285714285717,2.5714285714285716,8054.714285714285,30858.571428571428,6.571428571428571,588.4285714285714,23.857142857142858,5.85714285714289,0.018526886579304215
363,2021-04-03,310.2857142857143,1.5714285714285714,7855.428571428572,26494.571428571428,5.428571428571429,601.5714285714286,23.857142857142858,15.0,0.04834254143646409
364,2021-04-02,295.2857142857143,2.5714285714285716,7705.428571428572,22928.285714285714,4.857142857142857,614.5714285714286,24.714285714285715,-5.714285714285722,-0.01935171746492504
365,2021-04-01,301.0,2.4285714285714284,8634.0,24175.14285714286,5.714285714285714,628.7142857142857,24.428571428571427,7.142857142857167,0.02373042240151883
366,2021-03-31,293.85714285714283,3.0,11536.42857142857,23878.714285714286,5.285714285714286,644.7142857142857,25.0,-3.428571428571445,-0.011667476908118675
367,2021-03-30,297.2857142857143,3.7142857142857144,13249.0,25563.85714285714,6.285714285714286,661.2857142857143,26.0,-23.714285714285722,-0.07976934166266221
368,2021-03-29,321.0,3.4285714285714284,16018.857142857143,27833.0,6.571428571428571,675.1428571428571,26.0,-44.14285714285717,-0.13751668891855814
369,2021-03-28,365.14285714285717,3.4285714285714284,19077.285714285714,28558.714285714286,6.428571428571429,689.4285714285714,27.285714285714285,-10.0,-0.027386541471048513
370,2021-03-27,375.14285714285717,4.285714285714286,24030.428571428572,28568.285714285714,6.428571428571429,705.4285714285714,27.857142857142858,-26.571428571428555,-0.07083015993907078
371,2021-03-26,401.7142857142857,4.285714285714286,29605.714285714286,28915.85714285714,6.285714285714286,726.4285714285714,27.714285714285715,-14.428571428571445,-0.03591749644381227
372,2021-03-25,416.14285714285717,4.428571428571429,32883.857142857145,24781.0,5.857142857142857,746.8571428571429,28.857142857142858,-44.85714285714283,-0.10779265362169578
373,2021-03-24,461.0,4.857142857142857,34146.142857142855,22258.85714285714,6.142857142857143,768.4285714285714,28.428571428571427,-15.142857142857167,-0.03284784629687021
374,2021-03-23,476.14285714285717,5.142857142857143,35884.42857142857,20093.571428571428,5.857142857142857,791.1428571428571,29.0,-17.857142857142833,-0.03750375037503745
375,2021-03-22,494.0,5.142857142857143,37290.71428571428,18519.0,6.428571428571429,818.1428571428571,30.142857142857142,7.285714285714278,0.014748409485251574
376,2021-03-21,486.7142857142857,5.285714285714286,38506.857142857145,17832.714285714286,6.714285714285714,845.4285714285714,29.571428571428573,-9.285714285714278,-0.019078368065746976
377,2021-03-20,496.0,5.714285714285714,41456.0,16649.0,6.428571428571429,873.8571428571429,29.857142857142858,0.7142857142857224,0.0014400921658986338
378,2021-03-19,495.2857142857143,5.428571428571429,43947.57142857143,14916.42857142857,7.142857142857143,900.5714285714286,32.142857142857146,-2.0,-0.004038073262186329
379,2021-03-18,497.2857142857143,5.142857142857143,45344.0,13060.285714285714,6.571428571428571,930.8571428571429,32.142857142857146,22.714285714285722,0.04567652973283541
380,2021-03-17,474.57142857142856,5.142857142857143,46906.57142857143,10558.57142857143,5.714285714285714,965.4285714285714,32.142857142857146,-4.714285714285722,-0.009933774834437104
381,2021-03-16,479.2857142857143,4.142857142857143,48323.142857142855,9369.142857142857,4.714285714285714,1002.8571428571429,33.857142857142854,-9.142857142857167,-0.019076005961251915
382,2021-03-15,488.42857142857144,5.0,49143.0,8932.142857142857,4.0,1040.4285714285713,35.142857142857146,15.285714285714278,0.03129570049722139
383,2021-03-14,473.14285714285717,5.428571428571429,47546.857142857145,8882.42857142857,4.0,1076.5714285714287,37.0,0.571428571428612,0.0012077294685991196
384,2021-03-13,472.57142857142856,5.428571428571429,44254.57142857143,8612.142857142857,3.857142857142857,1112.142857142857,39.42857142857143,-10.85714285714289,-0.022974607013301156
385,2021-03-12,483.42857142857144,6.714285714285714,40318.142857142855,7968.142857142857,4.714285714285714,1153.142857142857,39.0,1.8571428571428896,0.0038416075650118875
386,2021-03-11,481.57142857142856,8.571428571428571,36725.71428571428,6721.285714285715,4.142857142857143,1197.7142857142858,41.0,-9.714285714285722,-0.020172055769801262
387,2021-03-10,491.2857142857143,9.285714285714286,34453.142857142855,6142.0,4.428571428571429,1243.142857142857,44.57142857142857,-13.428571428571445,-0.02733352718813612
388,2021-03-09,504.7142857142857,11.0,32420.428571428572,5890.714285714285,4.714285714285714,1292.142857142857,47.714285714285715,5.142857142857167,0.01018964053212572
389,2021-03-08,499.57142857142856,11.285714285714286,29934.0,5798.0,5.0,1344.4285714285713,50.0,-7.571428571428612,-0.015155847869602598
390,2021-03-07,507.14285714285717,11.857142857142858,29472.714285714286,5606.428571428572,4.714285714285714,1398.857142857143,52.42857142857143,-4.714285714285666,-0.009295774647887228
391,2021-03-06,511.85714285714283,12.571428571428571,30068.85714285714,5412.571428571428,4.714285714285714,1460.0,52.57142857142857,1.8571428571428328,0.003628244487859288
392,2021-03-05,510.0,14.571428571428571,30875.0,5183.428571428572,3.0,1524.2857142857142,55.857142857142854,-8.85714285714289,-0.017366946778711548
393,2021-03-04,518.8571428571429,14.857142857142858,32988.57142857143,5124.142857142857,3.142857142857143,1593.7142857142858,61.714285714285715,-7.285714285714221,-0.01404185022026419
394,2021-03-03,526.1428571428571,16.857142857142858,32984.142857142855,4889.571428571428,2.5714285714285716,1659.5714285714287,63.857142857142854,-8.85714285714289,-0.01683410263372257
395,2021-03-02,535.0,17.714285714285715,33058.28571428572,4382.142857142857,2.0,1724.0,67.85714285714286,0.7142857142856656,0.0013351134846461038
396,2021-03-01,534.2857142857143,17.285714285714285,33020.142857142855,4092.8571428571427,1.8571428571428572,1790.7142857142858,72.57142857142857,-10.571428571428555,-0.01978609625668446
397,2021-02-28,544.8571428571429,19.428571428571427,33627.57142857143,4096.142857142857,1.8571428571428572,1828.7142857142858,78.14285714285714,-16.0,-0.02936549554273728
398,2021-02-27,560.8571428571429,17.428571428571427,34044.42857142857,3944.1428571428573,1.8571428571428572,1897.857142857143,80.28571428571429,-18.14285714285711,-0.03234844625573097
399,2021-02-26,579.0,19.0,35836.42857142857,3427.285714285714,1.5714285714285714,1973.5714285714287,81.71428571428571,-18.714285714285666,-0.032321736984949334
400,2021-02-25,597.7142857142857,19.571428571428573,38646.71428571428,3021.5714285714284,1.4285714285714286,2052.1428571428573,84.85714285714286,-23.85714285714289,-0.039913957934990495
401,2021-02-24,621.5714285714286,22.428571428571427,41750.857142857145,2539.0,1.8571428571428572,2143.8571428571427,90.28571428571429,-39.85714285714289,-0.06412319007124805
402,2021-02-23,661.4285714285714,27.0,44054.142857142855,2196.8571428571427,1.8571428571428572,2223.5714285714284,91.42857142857143,-67.0,-0.10129589632829374
403,2021-02-22,728.4285714285714,29.428571428571427,44366.0,2033.142857142857,1.4285714285714286,2326.285714285714,97.14285714285714,-37.714285714285666,-0.05177485781525783
404,2021-02-21,766.1428571428571,29.0,43182.857142857145,1915.0,1.4285714285714286,2455.714285714286,101.42857142857143,-42.142857142857224,-0.055006526198023604
405,2021-02-20,808.2857142857143,34.42857142857143,41859.857142857145,1615.2857142857142,1.5714285714285714,2555.8571428571427,108.0,-59.714285714285666,-0.07387769529869205
406,2021-02-19,868.0,35.0,40506.42857142857,1342.142857142857,1.8571428571428572,2669.4285714285716,119.14285714285714,-68.42857142857144,-0.07883475971033577
407,2021-02-18,936.4285714285714,37.57142857142857,39475.57142857143,1066.7142857142858,2.142857142857143,2767.714285714286,123.71428571428571,-52.28571428571422,-0.05583524027459947
408,2021-02-17,988.7142857142857,41.857142857142854,39634.28571428572,816.8571428571429,1.8571428571428572,2880.4285714285716,130.14285714285714,-39.142857142857224,-0.039589654674180116
409,2021-02-16,1027.857142857143,42.42857142857143,39447.142857142855,693.2857142857143,2.0,3024.714285714286,139.14285714285714,-54.57142857142844,-0.05309242529534386
410,2021-02-15,1082.4285714285713,41.285714285714285,39774.71428571428,609.7142857142857,2.142857142857143,3148.4285714285716,146.28571428571428,-21.71428571428578,-0.02006071004355292
411,2021-02-14,1104.142857142857,41.857142857142854,41820.0,598.4285714285714,2.142857142857143,3271.4285714285716,156.14285714285714,-10.571428571428669,-0.009574330443783243
412,2021-02-13,1114.7142857142858,44.714285714285715,41540.57142857143,579.5714285714286,2.0,3379.8571428571427,165.42857142857142,-36.42857142857133,-0.032679738562091415
413,2021-02-12,1151.142857142857,50.57142857142857,41983.57142857143,487.85714285714283,1.7142857142857142,3499.0,171.14285714285714,-48.71428571428578,-0.042318193100024874
414,2021-02-11,1199.857142857143,55.42857142857143,41030.28571428572,403.57142857142856,1.2857142857142858,3644.714285714286,181.85714285714286,-63.71428571428578,-0.05310155970948928
415,2021-02-10,1263.5714285714287,59.142857142857146,37972.142857142855,343.85714285714283,1.0,3785.714285714286,195.14285714285714,-67.57142857142844,-0.05347654041831532
416,2021-02-09,1331.142857142857,69.57142857142857,35897.857142857145,307.14285714285717,0.7142857142857143,3939.1428571428573,204.57142857142858,-61.71428571428578,-0.04636188023180945
417,2021-02-08,1392.857142857143,74.0,35403.0,298.14285714285717,0.5714285714285714,4102.0,220.0,-66.85714285714289,-0.04800000000000002
418,2021-02-07,1459.7142857142858,76.85714285714286,34088.42857142857,309.0,0.5714285714285714,4264.0,235.14285714285714,-99.14285714285711,-0.06791935799569385
419,2021-02-06,1558.857142857143,81.71428571428571,33700.28571428572,301.85714285714283,0.42857142857142855,4439.0,243.85714285714286,-124.42857142857133,-0.07982038123167148
420,2021-02-05,1683.2857142857142,87.57142857142857,33015.28571428572,278.0,0.2857142857142857,4608.142857142857,258.42857142857144,-150.42857142857156,-0.08936603581430883
421,2021-02-04,1833.7142857142858,92.57142857142857,32807.57142857143,244.14285714285714,0.2857142857142857,4770.0,274.42857142857144,-172.0,-0.09379869118105329
422,2021-02-03,2005.7142857142858,99.14285714285714,33296.42857142857,214.14285714285714,0.14285714285714285,4939.0,289.57142857142856,-188.0,-0.09373219373219373
423,2021-02-02,2193.714285714286,100.57142857142857,33943.857142857145,205.57142857142858,0.42857142857142855,5103.142857142857,307.42857142857144,-216.71428571428578,-0.09878874706954939
424,2021-02-01,2410.4285714285716,102.14285714285714,35485.142857142855,231.57142857142858,0.42857142857142855,5265.714285714285,326.57142857142856,-129.28571428571422,-0.05363598648728735
425,2021-01-31,2539.714285714286,104.14285714285714,38368.0,294.42857142857144,0.42857142857142855,5397.857142857143,339.7142857142857,-160.57142857142844,-0.06322420969737873
426,2021-01-30,2700.285714285714,112.14285714285714,40120.857142857145,333.0,0.42857142857142855,5559.428571428572,358.85714285714283,-187.42857142857156,-0.06941064437625653
427,2021-01-29,2887.714285714286,116.28571428571429,41684.71428571428,379.42857142857144,0.42857142857142855,5702.0,377.57142857142856,-204.85714285714266,-0.07094093202730774
428,2021-01-28,3092.5714285714284,122.0,41939.42857142857,374.0,0.2857142857142857,5870.714285714285,398.14285714285717,-219.28571428571422,-0.07090724316334071
429,2021-01-27,3311.8571428571427,133.42857142857142,41723.142857142855,355.14285714285717,0.5714285714285714,5986.428571428572,417.57142857142856,-181.85714285714312,-0.05491092610964939
430,2021-01-26,3493.714285714286,141.28571428571428,41347.71428571428,344.85714285714283,0.2857142857142857,6138.142857142857,434.0,-246.85714285714266,-0.07065750736015695
431,2021-01-25,3740.5714285714284,148.14285714285714,40193.142857142855,308.42857142857144,0.2857142857142857,6300.0,442.14285714285717,-130.14285714285734,-0.03479223953559431
432,2021-01-24,3870.714285714286,154.28571428571428,37726.0,240.57142857142858,0.2857142857142857,6496.571428571428,463.57142857142856,-220.57142857142844,-0.05698468352094479
433,2021-01-23,4091.285714285714,161.85714285714286,37112.71428571428,208.28571428571428,0.2857142857142857,6657.428571428572,485.0,-320.2857142857142,-0.07828485631481545
434,2021-01-22,4411.571428571428,167.57142857142858,35848.42857142857,154.71428571428572,0.42857142857142855,6833.714285714285,507.42857142857144,-281.71428571428623,-0.063858035685373
435,2021-01-21,4693.285714285715,174.85714285714286,34948.42857142857,224.85714285714286,0.5714285714285714,6967.857142857143,525.2857142857143,-294.7142857142853,-0.06279487413630405
436,2021-01-20,4988.0,181.14285714285714,35385.857142857145,293.2857142857143,0.2857142857142857,7155.857142857143,550.2857142857143,-417.0,-0.08360064153969526
437,2021-01-19,5405.0,182.14285714285714,35684.142857142855,324.7142857142857,0.42857142857142855,7288.142857142857,588.8571428571429,-487.42857142857156,-0.0901810492929827
438,2021-01-18,5892.428571428572,185.42857142857142,34340.142857142855,342.14285714285717,0.5714285714285714,7417.142857142857,621.1428571428571,-332.0,-0.05634349164787742
439,2021-01-17,6224.428571428572,188.57142857142858,33438.28571428572,342.42857142857144,0.5714285714285714,7513.857142857143,636.5714285714286,-293.1428571428569,-0.047095545202083915
440,2021-01-16,6517.571428571428,190.0,31339.0,362.85714285714283,0.5714285714285714,7589.142857142857,670.5714285714286,-379.57142857142844,-0.0582381693444096
441,2021-01-15,6897.142857142857,190.28571428571428,30340.285714285714,451.57142857142856,0.42857142857142855,7662.428571428572,683.4285714285714,-459.2857142857147,-0.06659072079536045
442,2021-01-14,7356.428571428572,189.71428571428572,30458.714285714286,522.5714285714286,0.42857142857142855,7735.0,707.0,-447.28571428571377,-0.06080201961355464
443,2021-01-13,7803.714285714285,183.85714285714286,29211.571428571428,707.4285714285714,0.5714285714285714,7749.0,727.5714285714286,-409.857142857144,-0.052520777651667856
444,2021-01-12,8213.57142857143,181.57142857142858,26921.85714285714,1013.4285714285714,0.8571428571428571,7734.0,746.5714285714286,-475.42857142857065,-0.057883294199495505
445,2021-01-11,8689.0,180.71428571428572,26561.14285714286,1451.4285714285713,0.8571428571428571,7717.142857142857,759.5714285714286,-302.57142857142935,-0.03482235338605471
446,2021-01-10,8991.57142857143,181.14285714285714,25808.0,2151.5714285714284,1.1428571428571428,7686.714285714285,771.2857142857143,-378.42857142857065,-0.04208703388887997
447,2021-01-09,9370.0,175.42857142857142,24102.14285714286,2942.1428571428573,1.2857142857142858,7637.142857142857,781.8571428571429,-338.8571428571431,-0.03616404939777408
448,2021-01-08,9708.857142857143,177.71428571428572,22131.714285714286,4150.857142857143,1.4285714285714286,7560.857142857143,802.2857142857143,-456.42857142857065,-0.04701156528648354
449,2021-01-07,10165.285714285714,179.14285714285714,19648.285714285714,5464.857142857143,1.5714285714285714,7473.857142857143,810.4285714285714,-625.2857142857156,-0.061511868122602266
450,2021-01-06,10790.57142857143,173.71428571428572,17394.714285714286,6429.857142857143,2.0,7380.714285714285,835.1428571428571,-687.7142857142844,-0.06373288850054268
451,2021-01-05,11478.285714285714,166.28571428571428,16234.857142857143,6596.285714285715,1.8571428571428572,7267.857142857143,840.5714285714286,-829.7142857142862,-0.07228555782346796
452,2021-01-04,12308.0,160.42857142857142,14979.285714285714,6229.571428571428,1.8571428571428572,7115.571428571428,845.5714285714286,-822.1428571428569,-0.06679743720692695
453,2021-01-03,13130.142857142857,154.0,13495.42857142857,5528.142857142857,1.5714285714285714,6953.285714285715,864.2857142857143,-711.5714285714294,-0.05419373089184108
454,2021-01-02,13841.714285714286,139.57142857142858,11427.42857142857,4717.0,1.4285714285714286,6758.571428571428,863.7142857142857,554.2857142857156,0.040044585724311695
455,2021-01-01,13287.42857142857,128.0,8138.285714285715,3404.714285714286,1.2857142857142858,6506.285714285715,861.2857142857143,-44.714285714286234,-0.0033651571840193056
456,2020-12-31,13332.142857142857,115.85714285714286,6843.428571428572,1949.142857142857,1.2857142857142858,6285.428571428572,845.2857142857143,-539.0,-0.0404286096972944
457,2020-12-30,13871.142857142857,103.14285714285714,6840.714285714285,753.5714285714286,0.8571428571428571,6069.714285714285,803.0,-767.1428571428569,-0.05530494963850953
458,2020-12-29,14638.285714285714,92.42857142857143,6417.285714285715,263.42857142857144,0.7142857142857143,5863.285714285715,769.5714285714286,967.4285714285706,0.06608892532302763
459,2020-12-28,13670.857142857143,87.71428571428571,5931.857142857143,163.14285714285714,0.7142857142857143,5609.571428571428,756.5714285714286,4.571428571429351,0.0003343922421000403
460,2020-12-27,13666.285714285714,82.57142857142857,5949.714285714285,149.42857142857142,0.7142857142857143,5357.142857142857,722.8571428571429,265.1428571428569,0.01940123766516138
461,2020-12-26,13401.142857142857,78.57142857142857,5636.857142857143,130.42857142857142,0.7142857142857143,5130.714285714285,691.2857142857143,353.71428571428623,0.026394337369947167
462,2020-12-25,13047.42857142857,68.85714285714286,5244.857142857143,128.14285714285714,0.8571428571428571,4917.571428571428,660.1428571428571,439.0,0.03364647659089914
463,2020-12-24,12608.42857142857,60.285714285714285,3830.714285714286,82.14285714285714,0.5714285714285714,4672.0,629.2857142857143,732.2857142857138,0.05807906275847219
464,2020-12-23,11876.142857142857,57.142857142857146,2619.4285714285716,36.57142857142857,0.8571428571428571,4394.0,605.0,956.5714285714275,0.08054563169860336
465,2020-12-22,10919.57142857143,55.857142857142854,2605.5714285714284,4.285714285714286,1.1428571428571428,4135.142857142857,580.5714285714286,-373.57142857142753,-0.03421118044925877
466,2020-12-21,11293.142857142857,52.57142857142857,3528.285714285714,4.714285714285714,1.1428571428571428,3908.0,547.1428571428571,612.2857142857138,0.054217477103678545
467,2020-12-20,10680.857142857143,50.142857142857146,4644.714285714285,4.857142857142857,1.2857142857142858,3690.285714285714,516.2857142857143,685.1428571428569,0.06414680469732228
468,2020-12-19,9995.714285714286,50.142857142857146,5516.0,4.714285714285714,1.2857142857142858,3495.0,487.2857142857143,-941.2857142857138,-0.0941689295412319
469,2020-12-18,10937.0,47.142857142857146,6934.285714285715,6.571428571428571,1.1428571428571428,3310.285714285714,455.7142857142857,-103.28571428571377,-0.00944369701798608
470,2020-12-17,11040.285714285714,47.142857142857146,8246.857142857143,7.142857142857143,1.1428571428571428,3116.1428571428573,437.7142857142857,338.1428571428569,0.03062808933516211
471,2020-12-16,10702.142857142857,41.857142857142854,8951.714285714286,7.571428571428571,0.7142857142857143,2968.285714285714,400.7142857142857,656.4285714285706,0.06133618100513909
472,2020-12-15,10045.714285714286,39.714285714285715,8661.42857142857,5.142857142857143,0.42857142857142855,2814.4285714285716,375.57142857142856,722.4285714285725,0.0719141069397043
473,2020-12-14,9323.285714285714,39.42857142857143,7776.142857142857,6.142857142857143,0.42857142857142855,2666.285714285714,345.14285714285717,501.0,0.05373642033004919
474,2020-12-13,8822.285714285714,36.857142857142854,6524.857142857143,5.857142857142857,0.3333333333333333,2544.1428571428573,327.14285714285717,362.8571428571431,0.04112960683982127
475,2020-12-12,8459.42857142857,34.857142857142854,5660.571428571428,5.857142857142857,0.4,2427.4285714285716,304.57142857142856,780.5714285714275,0.0922723588219399
476,2020-12-11,7678.857142857143,33.714285714285715,4419.142857142857,3.857142857142857,0.5,2328.1428571428573,293.14285714285717,748.1428571428578,0.09742893287691629
477,2020-12-10,6930.714285714285,30.571428571428573,2987.5714285714284,4.571428571428571,0.6666666666666666,2232.0,274.42857142857144,814.7142857142853,0.11755127280222606
478,2020-12-09,6116.0,29.142857142857142,1544.4285714285713,5.142857142857143,1.0,2124.0,273.85714285714283,745.0,0.12181164159581426
479,2020-12-08,5371.0,29.0,934.1428571428571,5.0,1.0,2033.5714285714287,255.42857142857142,,
