areaType,areaName,areaCode,date,newPeopleVaccinatedFirstDoseByVaccinationDate,cumPeopleVaccinatedFirstDoseByVaccinationDate,newPeopleVaccinatedSecondDoseByVaccinationDate,cumPeopleVaccinatedSecondDoseByVaccinationDate,newPeopleVaccinatedThirdInjectionByVaccinationDate,cumPeopleVaccinatedThirdInjectionByVaccinationDate
region,London,E12000007,2022-04-04,651,6449974,1491,5998364,2342,4282628
region,London,E12000007,2022-04-03,284,6449323,805,5996873,910,4280286
region,London,E12000007,2022-04-02,764,6449039,2314,5996068,2784,4279376
region,London,E12000007,2022-04-01,750,6448275,1986,5993754,2542,4276592
region,London,E12000007,2022-03-31,645,6447525,1558,5991768,2168,4274050
region,London,E12000007,2022-03-30,613,6446880,1573,5990210,2390,4271882
region,London,E12000007,2022-03-29,533,6446267,1589,5988637,2465,4269492
region,London,E12000007,2022-03-28,590,6445734,1603,5987048,2659,4267027
region,London,E12000007,2022-03-27,241,6445144,928,5985445,1047,4264368
region,London,E12000007,2022-03-26,929,6444903,3180,5984517,3321,4263321
region,London,E12000007,2022-03-25,771,6443974,2205,5981337,3076,4260000
region,London,E12000007,2022-03-24,595,6443203,1639,5979132,2409,4256924
region,London,E12000007,2022-03-23,610,6442608,1457,5977493,2487,4254515
region,London,E12000007,2022-03-22,618,6441998,1722,5976036,2707,4252028
region,London,E12000007,2022-03-21,673,6441380,1710,5974314,2802,4249321
region,London,E12000007,2022-03-20,388,6440707,1276,5972604,1478,4246519
region,London,E12000007,2022-03-19,958,6440319,3470,5971328,3742,4245041
region,London,E12000007,2022-03-18,764,6439361,2571,5967858,3264,4241299
region,London,E12000007,2022-03-17,628,6438597,1854,5965287,2475,4238035
region,London,E12000007,2022-03-16,615,6437969,1810,5963433,2535,4235560
region,London,E12000007,2022-03-15,768,6437354,2366,5961623,3075,4233025
region,London,E12000007,2022-03-14,796,6436586,2243,5959257,3160,4229950
region,London,E12000007,2022-03-13,380,6435790,1435,5957014,1648,4226790
region,London,E12000007,2022-03-12,1177,6435410,3765,5955579,4446,4225142
region,London,E12000007,2022-03-11,841,6434233,2738,5951814,3501,4220696
region,London,E12000007,2022-03-10,726,6433392,1857,5949076,2660,4217195
region,London,E12000007,2022-03-09,692,6432666,1686,5947219,2634,4214535
region,London,E12000007,2022-03-08,737,6431974,2148,5945533,2859,4211901
region,London,E12000007,2022-03-07,727,6431237,1881,5943385,3016,4209042
region,London,E12000007,2022-03-06,415,6430510,1240,5941504,1866,4206026
region,London,E12000007,2022-03-05,1052,6430095,3295,5940264,4648,4204160
region,London,E12000007,2022-03-04,1028,6429043,2586,5936969,3800,4199512
region,London,E12000007,2022-03-03,758,6428015,1795,5934383,2770,4195712
region,London,E12000007,2022-03-02,813,6427257,1690,5932588,2832,4192942
region,London,E12000007,2022-03-01,841,6426444,2069,5930898,2983,4190110
region,London,E12000007,2022-02-28,816,6425603,2092,5928829,3638,4187127
region,London,E12000007,2022-02-27,513,6424787,1343,5926737,2114,4183489
region,London,E12000007,2022-02-26,1341,6424274,3498,5925394,5188,4181375
region,London,E12000007,2022-02-25,1200,6422933,3049,5921896,4741,4176187
region,London,E12000007,2022-02-24,910,6421733,2141,5918847,3203,4171446
region,London,E12000007,2022-02-23,1057,6420823,2647,5916706,3842,4168243
region,London,E12000007,2022-02-22,1144,6419766,2632,5914059,4200,4164401
region,London,E12000007,2022-02-21,956,6418622,1983,5911427,4204,4160201
region,London,E12000007,2022-02-20,536,6417666,1289,5909444,1982,4155997
region,London,E12000007,2022-02-19,1318,6417130,3011,5908155,5299,4154015
region,London,E12000007,2022-02-18,816,6415812,1898,5905144,3524,4148716
region,London,E12000007,2022-02-17,1426,6414996,2751,5903246,4841,4145192
region,London,E12000007,2022-02-16,1180,6413570,2417,5900495,4992,4140351
region,London,E12000007,2022-02-15,1363,6412390,2530,5898078,5053,4135359
region,London,E12000007,2022-02-14,1227,6411027,2456,5895548,5329,4130306
region,London,E12000007,2022-02-13,713,6409800,1829,5893092,2605,4124977
region,London,E12000007,2022-02-12,1804,6409087,4222,5891263,7757,4122372
region,London,E12000007,2022-02-11,1521,6407283,3835,5887041,7654,4114615
region,London,E12000007,2022-02-10,1167,6405762,2847,5883206,4844,4106961
region,London,E12000007,2022-02-09,1416,6404595,3144,5880359,4701,4102117
region,London,E12000007,2022-02-08,1374,6403179,2759,5877215,5165,4097416
region,London,E12000007,2022-02-07,1392,6401805,2773,5874456,5718,4092251
region,London,E12000007,2022-02-06,802,6400413,2079,5871683,3102,4086533
region,London,E12000007,2022-02-05,1840,6399611,4440,5869604,7451,4083431
region,London,E12000007,2022-02-04,1670,6397771,3358,5865164,6232,4075980
region,London,E12000007,2022-02-03,1533,6396101,2740,5861806,6096,4069748
region,London,E12000007,2022-02-02,1716,6394568,2843,5859066,5764,4063652
region,London,E12000007,2022-02-01,1718,6392852,2925,5856223,6034,4057888
region,London,E12000007,2022-01-31,1846,6391134,2907,5853298,6824,4051854
region,London,E12000007,2022-01-30,1498,6389288,3057,5850391,4412,4045030
region,London,E12000007,2022-01-29,3128,6387790,6109,5847334,10577,4040618
region,London,E12000007,2022-01-28,2646,6384662,4438,5841225,8992,4030041
region,London,E12000007,2022-01-27,2239,6382016,3539,5836787,7999,4021049
region,London,E12000007,2022-01-26,2103,6379777,3284,5833248,8448,4013050
region,London,E12000007,2022-01-25,2067,6377674,3431,5829964,8515,4004602
region,London,E12000007,2022-01-24,2008,6375607,4015,5826533,9471,3996087
region,London,E12000007,2022-01-23,1344,6373599,3581,5822518,5966,3986616
region,London,E12000007,2022-01-22,3376,6372255,7134,5818937,14525,3980650
region,London,E12000007,2022-01-21,2774,6368879,4660,5811803,11879,3966125
region,London,E12000007,2022-01-20,2437,6366105,3638,5807143,10204,3954246
region,London,E12000007,2022-01-19,2506,6363668,3261,5803505,10364,3944042
region,London,E12000007,2022-01-18,2501,6361162,3277,5800244,11240,3933678
region,London,E12000007,2022-01-17,2412,6358661,3505,5796967,11663,3922438
region,London,E12000007,2022-01-16,1795,6356249,3610,5793462,8356,3910775
region,London,E12000007,2022-01-15,4254,6354454,7331,5789852,19663,3902419
region,London,E12000007,2022-01-14,3314,6350200,4468,5782521,17677,3882756
region,London,E12000007,2022-01-13,2796,6346886,3775,5778053,17566,3865079
region,London,E12000007,2022-01-12,2787,6344090,3839,5774278,17894,3847513
region,London,E12000007,2022-01-11,2672,6341303,3336,5770439,19914,3829619
region,London,E12000007,2022-01-10,2544,6338631,3032,5767103,20950,3809705
region,London,E12000007,2022-01-09,2181,6336087,3162,5764071,16493,3788755
region,London,E12000007,2022-01-08,4518,6333906,6977,5760909,34173,3772262
region,London,E12000007,2022-01-07,3383,6329388,4768,5753932,29106,3738089
region,London,E12000007,2022-01-06,3544,6326005,4326,5749164,29606,3708983
region,London,E12000007,2022-01-05,3719,6322461,4643,5744838,30542,3679377
region,London,E12000007,2022-01-04,4341,6318742,5249,5740195,29273,3648835
region,London,E12000007,2022-01-03,2717,6314401,3107,5734946,16676,3619562
region,London,E12000007,2022-01-02,1761,6311684,1818,5731839,13086,3602886
region,London,E12000007,2022-01-01,587,6309923,612,5730021,4115,3589800
region,London,E12000007,2021-12-31,2418,6309336,2758,5729409,19879,3585685
region,London,E12000007,2021-12-30,5225,6306918,5156,5726651,40959,3565806
region,London,E12000007,2021-12-29,5674,6301693,5710,5721495,48110,3524847
region,London,E12000007,2021-12-28,3627,6296019,3585,5715785,31164,3476737
region,London,E12000007,2021-12-27,3533,6292392,3185,5712200,32663,3445573
region,London,E12000007,2021-12-26,605,6288859,542,5709015,6033,3412910
region,London,E12000007,2021-12-25,261,6288254,234,5708473,2419,3406877
region,London,E12000007,2021-12-24,2832,6287993,2714,5708239,28741,3404458
region,London,E12000007,2021-12-23,6066,6285161,5707,5705525,68980,3375717
region,London,E12000007,2021-12-22,6380,6279095,6526,5699818,92346,3306737
region,London,E12000007,2021-12-21,6383,6272715,6419,5693292,103737,3214391
region,London,E12000007,2021-12-20,6306,6266332,6507,5686873,92633,3110654
region,London,E12000007,2021-12-19,5850,6260026,5160,5680366,101147,3018021
region,London,E12000007,2021-12-18,7782,6254176,6940,5675206,118995,2916874
region,London,E12000007,2021-12-17,6467,6246394,5682,5668266,99920,2797879
region,London,E12000007,2021-12-16,5789,6239927,5592,5662584,108356,2697959
region,London,E12000007,2021-12-15,4989,6234138,5253,5656992,97818,2589603
region,London,E12000007,2021-12-14,4513,6229149,4929,5651739,86569,2491785
region,London,E12000007,2021-12-13,3341,6224636,3784,5646810,67124,2405216
region,London,E12000007,2021-12-12,2875,6221295,3345,5643026,49022,2338092
region,London,E12000007,2021-12-11,4705,6218420,6442,5639681,71484,2289070
region,London,E12000007,2021-12-10,4162,6213715,5085,5633239,49394,2217586
region,London,E12000007,2021-12-09,3684,6209553,4989,5628154,52985,2168192
region,London,E12000007,2021-12-08,3246,6205869,4552,5623165,42087,2115207
region,London,E12000007,2021-12-07,2889,6202623,4240,5618613,36281,2073120
region,London,E12000007,2021-12-06,2799,6199734,3827,5614373,33685,2036839
region,London,E12000007,2021-12-05,2427,6196935,3234,5610546,25655,2003154
region,London,E12000007,2021-12-04,5258,6194508,7297,5607312,50657,1977499
region,London,E12000007,2021-12-03,4131,6189250,5329,5600015,40729,1926842
region,London,E12000007,2021-12-02,3725,6185119,4919,5594686,39259,1886113
region,London,E12000007,2021-12-01,3428,6181394,5448,5589767,39158,1846854
region,London,E12000007,2021-11-30,3883,6177966,5366,5584319,36196,1807696
region,London,E12000007,2021-11-29,2930,6174083,4830,5578953,29066,1771500
region,London,E12000007,2021-11-28,2453,6171153,4228,5574123,21825,1742434
region,London,E12000007,2021-11-27,4204,6168700,6759,5569895,46988,1720609
region,London,E12000007,2021-11-26,3561,6164496,4982,5563136,36951,1673621
region,London,E12000007,2021-11-25,3356,6160935,4222,5558154,34786,1636670
region,London,E12000007,2021-11-24,3154,6157579,4209,5553932,36416,1601884
region,London,E12000007,2021-11-23,3316,6154425,4034,5549723,31080,1565468
region,London,E12000007,2021-11-22,3307,6151109,3528,5545689,27676,1534388
region,London,E12000007,2021-11-21,1694,6147802,1898,5542161,16747,1506712
region,London,E12000007,2021-11-20,4291,6146108,5096,5540263,42346,1489965
region,London,E12000007,2021-11-19,4334,6141817,4285,5535167,35935,1447619
region,London,E12000007,2021-11-18,3781,6137483,3495,5530882,33669,1411684
region,London,E12000007,2021-11-17,3386,6133702,3952,5527387,33962,1378015
region,London,E12000007,2021-11-16,4096,6130316,3507,5523435,28797,1344053
region,London,E12000007,2021-11-15,4378,6126220,3735,5519928,26771,1315256
region,London,E12000007,2021-11-14,1636,6121842,2063,5516193,17673,1288485
region,London,E12000007,2021-11-13,4844,6120206,5524,5514130,45523,1270812
region,London,E12000007,2021-11-12,5270,6115362,4260,5508606,33395,1225289
region,London,E12000007,2021-11-11,4090,6110092,3948,5504346,35290,1191894
region,London,E12000007,2021-11-10,4198,6106002,3972,5500398,33219,1156604
region,London,E12000007,2021-11-09,4965,6101804,3739,5496426,28756,1123385
region,London,E12000007,2021-11-08,4720,6096839,4047,5492687,24168,1094629
region,London,E12000007,2021-11-07,2263,6092119,1956,5488640,13329,1070461
region,London,E12000007,2021-11-06,5171,6089856,5078,5486684,36460,1057132
region,London,E12000007,2021-11-05,6476,6084685,4108,5481606,29560,1020672
region,London,E12000007,2021-11-04,5932,6078209,3543,5477498,28057,991112
region,London,E12000007,2021-11-03,5840,6072277,4004,5473955,30296,963055
region,London,E12000007,2021-11-02,6170,6066437,3477,5469951,26147,932759
region,London,E12000007,2021-11-01,6777,6060267,3754,5466474,23498,906612
region,London,E12000007,2021-10-31,2704,6053490,1802,5462720,12493,883114
region,London,E12000007,2021-10-30,5343,6050786,5321,5460918,37294,870621
region,London,E12000007,2021-10-29,6063,6045443,4048,5455597,27307,833327
region,London,E12000007,2021-10-28,6367,6039380,4126,5451549,32933,806020
region,London,E12000007,2021-10-27,6546,6033013,4311,5447423,30228,773087
region,London,E12000007,2021-10-26,5693,6026467,4015,5443112,25445,742859
region,London,E12000007,2021-10-25,5384,6020774,4310,5439097,23972,717414
region,London,E12000007,2021-10-24,2725,6015390,2221,5434787,14348,693442
region,London,E12000007,2021-10-23,5175,6012665,6447,5432566,38960,679094
region,London,E12000007,2021-10-22,7676,6007490,4442,5426119,32727,640134
region,London,E12000007,2021-10-21,6240,5999814,4063,5421677,32914,607407
region,London,E12000007,2021-10-20,9058,5993574,4491,5417614,27718,574493
region,London,E12000007,2021-10-19,7376,5984516,4344,5413123,22407,546775
region,London,E12000007,2021-10-18,7722,5977140,4303,5408779,17715,524368
region,London,E12000007,2021-10-17,1533,5969418,2370,5404476,10896,506653
region,London,E12000007,2021-10-16,4019,5967885,6760,5402106,32419,495757
region,London,E12000007,2021-10-15,8302,5963866,5102,5395346,25595,463338
region,London,E12000007,2021-10-14,8301,5955564,4419,5390244,27314,437743
region,London,E12000007,2021-10-13,9205,5947263,4654,5385825,27491,410429
region,London,E12000007,2021-10-12,7227,5938058,4379,5381171,20560,382938
region,London,E12000007,2021-10-11,6258,5930831,4933,5376792,17606,362378
region,London,E12000007,2021-10-10,1704,5924573,2778,5371859,10608,344772
region,London,E12000007,2021-10-09,4166,5922869,6668,5369081,29670,334164
region,London,E12000007,2021-10-08,6361,5918703,5423,5362413,27027,304494
region,London,E12000007,2021-10-07,5570,5912342,4497,5356990,25810,277467
region,London,E12000007,2021-10-06,6143,5906772,4759,5352493,23898,251657
region,London,E12000007,2021-10-05,5560,5900629,4613,5347734,18122,227759
region,London,E12000007,2021-10-04,4856,5895069,4793,5343121,17340,209637
region,London,E12000007,2021-10-03,1762,5890213,2842,5338328,7910,192297
region,London,E12000007,2021-10-02,3818,5888451,6957,5335486,21085,184387
region,London,E12000007,2021-10-01,4748,5884633,5483,5328529,24096,163302
region,London,E12000007,2021-09-30,4264,5879885,5416,5323046,23119,139206
region,London,E12000007,2021-09-29,4142,5875621,5489,5317630,20841,116087
region,London,E12000007,2021-09-28,3913,5871479,5425,5312141,15671,95246
region,London,E12000007,2021-09-27,3586,5867566,6141,5306716,13430,79575
region,London,E12000007,2021-09-26,1546,5863980,3314,5300575,5309,66145
region,London,E12000007,2021-09-25,3788,5862434,8955,5297261,15393,60836
region,London,E12000007,2021-09-24,4044,5858646,6866,5288306,12804,45443
region,London,E12000007,2021-09-23,4679,5854602,7551,5281440,11146,32639
region,London,E12000007,2021-09-22,3770,5849923,7382,5273889,7609,21493
region,London,E12000007,2021-09-21,3555,5846153,7217,5266507,4522,13884
region,London,E12000007,2021-09-20,3616,5842598,8668,5259290,1505,9362
region,London,E12000007,2021-09-19,1876,5838982,4636,5250622,368,7857
region,London,E12000007,2021-09-18,4297,5837106,11396,5245986,1753,7489
region,London,E12000007,2021-09-17,3541,5832809,9952,5234590,1195,5736
region,London,E12000007,2021-09-16,3278,5829268,9549,5224638,525,4541
region,London,E12000007,2021-09-15,3379,5825990,9396,5215089,660,4016
region,London,E12000007,2021-09-14,3229,5822611,9438,5205693,102,3356
region,London,E12000007,2021-09-13,3252,5819382,10620,5196255,21,3254
region,London,E12000007,2021-09-12,1865,5816130,6039,5185635,33,3233
region,London,E12000007,2021-09-11,4285,5814265,14259,5179596,387,3200
region,London,E12000007,2021-09-10,3628,5809980,12349,5165337,22,2813
region,London,E12000007,2021-09-09,3603,5806352,13174,5152988,34,2791
region,London,E12000007,2021-09-08,3423,5802749,12250,5139814,17,2757
region,London,E12000007,2021-09-07,3372,5799326,12959,5127564,18,2740
region,London,E12000007,2021-09-06,3591,5795954,14578,5114605,19,2722
region,London,E12000007,2021-09-05,2455,5792363,9711,5100027,16,2703
region,London,E12000007,2021-09-04,5466,5789908,19265,5090316,33,2687
region,London,E12000007,2021-09-03,5052,5784442,16615,5071051,30,2654
region,London,E12000007,2021-09-02,5463,5779390,17198,5054436,27,2624
region,London,E12000007,2021-09-01,5609,5773927,16875,5037238,20,2597
region,London,E12000007,2021-08-31,5925,5768318,19366,5020363,30,2577
region,London,E12000007,2021-08-30,2786,5762393,10712,5000997,21,2547
region,London,E12000007,2021-08-29,3215,5759607,11741,4990285,12,2526
region,London,E12000007,2021-08-28,5790,5756392,20631,4978544,19,2514
region,London,E12000007,2021-08-27,6144,5750602,20683,4957913,23,2495
region,London,E12000007,2021-08-26,7179,5744458,22952,4937230,20,2472
region,London,E12000007,2021-08-25,6886,5737279,22332,4914278,24,2452
region,London,E12000007,2021-08-24,6936,5730393,22017,4891946,23,2428
region,London,E12000007,2021-08-23,6825,5723457,23920,4869929,27,2405
region,London,E12000007,2021-08-22,5419,5716632,17635,4846009,14,2378
region,London,E12000007,2021-08-21,8763,5711213,28503,4828374,22,2364
region,London,E12000007,2021-08-20,8365,5702450,26268,4799871,23,2342
region,London,E12000007,2021-08-19,6797,5694085,27235,4773603,22,2319
region,London,E12000007,2021-08-18,5481,5687288,25348,4746368,29,2297
region,London,E12000007,2021-08-17,5956,5681807,24887,4721020,20,2268
region,London,E12000007,2021-08-16,5997,5675851,26685,4696133,18,2248
region,London,E12000007,2021-08-15,3907,5669854,20142,4669448,29,2230
region,London,E12000007,2021-08-14,6667,5665947,32226,4649306,20,2201
region,London,E12000007,2021-08-13,5690,5659280,27327,4617080,21,2181
region,London,E12000007,2021-08-12,5523,5653590,29890,4589753,20,2160
region,London,E12000007,2021-08-11,5326,5648067,25200,4559863,20,2140
region,London,E12000007,2021-08-10,5710,5642741,25209,4534663,13,2120
region,London,E12000007,2021-08-09,4943,5637031,25543,4509454,19,2107
region,London,E12000007,2021-08-08,3779,5632088,19855,4483911,35,2088
region,London,E12000007,2021-08-07,6592,5628309,33205,4464056,27,2053
region,London,E12000007,2021-08-06,5258,5621717,26214,4430851,14,2026
region,London,E12000007,2021-08-05,5510,5616459,28297,4404637,26,2012
region,London,E12000007,2021-08-04,4864,5610949,22104,4376340,14,1986
region,London,E12000007,2021-08-03,5318,5606085,23199,4354236,14,1972
region,London,E12000007,2021-08-02,4772,5600767,22860,4331037,11,1958
region,London,E12000007,2021-08-01,3967,5595995,21261,4308177,16,1947
region,London,E12000007,2021-07-31,6492,5592028,33243,4286916,24,1931
region,London,E12000007,2021-07-30,5413,5585536,27020,4253673,16,1907
region,London,E12000007,2021-07-29,6044,5580123,28861,4226653,13,1891
region,London,E12000007,2021-07-28,5840,5574079,25377,4197792,16,1878
region,London,E12000007,2021-07-27,6016,5568239,25351,4172415,18,1862
region,London,E12000007,2021-07-26,5410,5562223,25441,4147064,20,1844
region,London,E12000007,2021-07-25,4094,5556813,21253,4121623,18,1824
region,London,E12000007,2021-07-24,7408,5552719,36547,4100370,20,1806
region,London,E12000007,2021-07-23,6687,5545311,31342,4063823,25,1786
region,London,E12000007,2021-07-22,6896,5538624,32348,4032481,19,1761
region,London,E12000007,2021-07-21,7142,5531728,29127,4000133,28,1742
region,London,E12000007,2021-07-20,6411,5524586,23259,3971006,15,1714
region,London,E12000007,2021-07-19,6389,5518175,22561,3947747,13,1699
region,London,E12000007,2021-07-18,5309,5511786,24047,3925186,9,1686
region,London,E12000007,2021-07-17,10798,5506477,36010,3901139,27,1677
region,London,E12000007,2021-07-16,9099,5495679,30106,3865129,21,1650
region,London,E12000007,2021-07-15,10212,5486580,29870,3835023,14,1629
region,London,E12000007,2021-07-14,9462,5476368,29433,3805153,10,1615
region,London,E12000007,2021-07-13,9408,5466906,21786,3775720,17,1605
region,London,E12000007,2021-07-12,8743,5457498,18901,3753934,14,1588
region,London,E12000007,2021-07-11,6807,5448755,14874,3735033,10,1574
region,London,E12000007,2021-07-10,15642,5441948,30978,3720159,23,1564
region,London,E12000007,2021-07-09,15465,5426306,27226,3689181,14,1541
region,London,E12000007,2021-07-08,16340,5410841,25047,3661955,27,1527
region,London,E12000007,2021-07-07,13326,5394501,26790,3636908,23,1500
region,London,E12000007,2021-07-06,11505,5381175,20517,3610118,18,1477
region,London,E12000007,2021-07-05,13584,5369670,21495,3589601,16,1459
region,London,E12000007,2021-07-04,13375,5356086,16647,3568106,9,1443
region,London,E12000007,2021-07-03,21790,5342711,29119,3551459,25,1434
region,London,E12000007,2021-07-02,18946,5320921,26543,3522340,15,1409
region,London,E12000007,2021-07-01,20645,5301975,28368,3495797,17,1394
region,London,E12000007,2021-06-30,21486,5281330,31074,3467429,28,1377
region,London,E12000007,2021-06-29,21165,5259844,22940,3436355,22,1349
region,London,E12000007,2021-06-28,21285,5238679,21693,3413415,21,1327
region,London,E12000007,2021-06-27,24903,5217394,21705,3391722,11,1306
region,London,E12000007,2021-06-26,39758,5192491,32309,3370017,14,1295
region,London,E12000007,2021-06-25,33941,5152733,30334,3337708,28,1281
region,London,E12000007,2021-06-24,36722,5118792,26996,3307374,32,1253
region,London,E12000007,2021-06-23,31321,5082070,25534,3280378,30,1221
region,London,E12000007,2021-06-22,29922,5050749,23739,3254844,19,1191
region,London,E12000007,2021-06-21,22839,5020827,19968,3231105,20,1172
region,London,E12000007,2021-06-20,33708,4997988,16167,3211137,8,1152
region,London,E12000007,2021-06-19,54560,4964280,32278,3194970,21,1144
region,London,E12000007,2021-06-18,39756,4909720,31859,3162692,21,1123
region,London,E12000007,2021-06-17,38986,4869964,30887,3130833,25,1102
region,London,E12000007,2021-06-16,33154,4830978,30360,3099946,19,1077
region,London,E12000007,2021-06-15,29786,4797824,27936,3069586,22,1058
region,London,E12000007,2021-06-14,22164,4768038,28421,3041650,19,1036
region,London,E12000007,2021-06-13,29283,4745874,19576,3013229,9,1017
region,London,E12000007,2021-06-12,46484,4716591,33717,2993653,19,1008
region,London,E12000007,2021-06-11,37791,4670107,36141,2959936,22,989
region,London,E12000007,2021-06-10,36400,4632316,35969,2923795,38,967
region,London,E12000007,2021-06-09,29788,4595916,36029,2887826,33,929
region,London,E12000007,2021-06-08,22185,4566128,33584,2851797,28,896
region,London,E12000007,2021-06-07,19059,4543943,33784,2818213,11,868
region,London,E12000007,2021-06-06,28911,4524884,24363,2784429,6,857
region,London,E12000007,2021-06-05,39067,4495973,43702,2760066,8,851
region,London,E12000007,2021-06-04,33633,4456906,38745,2716364,26,843
region,London,E12000007,2021-06-03,34298,4423273,38612,2677619,28,817
region,London,E12000007,2021-06-02,28759,4388975,35681,2639007,11,789
region,London,E12000007,2021-06-01,21395,4360216,33816,2603326,7,778
region,London,E12000007,2021-05-31,24889,4338821,22629,2569510,8,771
region,London,E12000007,2021-05-30,24224,4313932,17416,2546881,7,763
region,London,E12000007,2021-05-29,36623,4289708,37409,2529465,10,756
region,London,E12000007,2021-05-28,38229,4253085,44072,2492056,18,746
region,London,E12000007,2021-05-27,46506,4214856,45104,2447984,16,728
region,London,E12000007,2021-05-26,36760,4168350,40730,2402880,14,712
region,London,E12000007,2021-05-25,29516,4131590,38313,2362150,11,698
region,London,E12000007,2021-05-24,19434,4102074,34613,2323837,8,687
region,London,E12000007,2021-05-23,22470,4082640,27157,2289224,14,679
region,London,E12000007,2021-05-22,36093,4060170,49849,2262067,10,665
region,London,E12000007,2021-05-21,35122,4024077,47462,2212218,11,655
region,London,E12000007,2021-05-20,38335,3988955,43451,2164756,8,644
region,London,E12000007,2021-05-19,36491,3950620,38165,2121305,16,636
region,London,E12000007,2021-05-18,24213,3914129,33348,2083140,8,620
region,London,E12000007,2021-05-17,18172,3889916,28009,2049792,14,612
region,London,E12000007,2021-05-16,20042,3871744,21670,2021783,5,598
region,London,E12000007,2021-05-15,35221,3851702,37306,2000113,10,593
region,London,E12000007,2021-05-14,35715,3816481,43368,1962807,15,583
region,London,E12000007,2021-05-13,31339,3780766,39049,1919439,9,568
region,London,E12000007,2021-05-12,25050,3749427,41443,1880390,8,559
region,London,E12000007,2021-05-11,20059,3724377,41553,1838947,10,551
region,London,E12000007,2021-05-10,13924,3704318,24862,1797394,4,541
region,London,E12000007,2021-05-09,10914,3690394,24577,1772532,2,537
region,London,E12000007,2021-05-08,21034,3679480,47931,1747955,10,535
region,London,E12000007,2021-05-07,21272,3658446,52284,1700024,15,525
region,London,E12000007,2021-05-06,22080,3637174,51457,1647740,11,510
region,London,E12000007,2021-05-05,21476,3615094,38738,1596283,9,499
region,London,E12000007,2021-05-04,18532,3593618,26660,1557545,7,490
region,London,E12000007,2021-05-03,9251,3575086,8448,1530885,2,483
region,London,E12000007,2021-05-02,10577,3565835,12950,1522437,4,481
region,London,E12000007,2021-05-01,19639,3555258,31128,1509487,4,477
region,London,E12000007,2021-04-30,18855,3535619,38738,1478359,12,473
region,London,E12000007,2021-04-29,20540,3516764,42250,1439621,23,461
region,London,E12000007,2021-04-28,20464,3496224,40552,1397371,12,438
region,London,E12000007,2021-04-27,14572,3475760,37315,1356819,9,426
region,London,E12000007,2021-04-26,10481,3461188,24856,1319504,5,417
region,London,E12000007,2021-04-25,7163,3450707,22594,1294648,5,412
region,London,E12000007,2021-04-24,17582,3443544,39678,1272054,14,407
region,London,E12000007,2021-04-23,16688,3425962,46150,1232376,22,393
region,London,E12000007,2021-04-22,17957,3409274,42525,1186226,11,371
region,London,E12000007,2021-04-21,19618,3391317,44379,1143701,14,360
region,London,E12000007,2021-04-20,15968,3371699,33080,1099322,6,346
region,London,E12000007,2021-04-19,14915,3355731,28244,1066242,7,340
region,London,E12000007,2021-04-18,11564,3340816,25433,1037998,3,333
region,London,E12000007,2021-04-17,18957,3329252,48000,1012565,6,330
region,London,E12000007,2021-04-16,19151,3310295,52070,964565,11,324
region,London,E12000007,2021-04-15,16645,3291144,47910,912495,10,313
region,London,E12000007,2021-04-14,21850,3274499,43295,864585,8,303
region,London,E12000007,2021-04-13,5613,3252649,30520,821290,4,295
region,London,E12000007,2021-04-12,4243,3247036,20358,790770,3,291
region,London,E12000007,2021-04-11,6662,3242793,17439,770412,3,288
region,London,E12000007,2021-04-10,12107,3236131,45451,752973,12,285
region,London,E12000007,2021-04-09,9768,3224024,47281,707522,9,273
region,London,E12000007,2021-04-08,9078,3214256,48310,660241,7,264
region,London,E12000007,2021-04-07,8494,3205178,48988,611931,11,257
region,London,E12000007,2021-04-06,9418,3196684,20802,562943,5,246
region,London,E12000007,2021-04-05,4198,3187266,2819,542141,1,241
region,London,E12000007,2021-04-04,3320,3183068,2359,539322,1,240
region,London,E12000007,2021-04-03,10712,3179748,14903,536963,4,239
region,London,E12000007,2021-04-02,8718,3169036,22317,522060,5,235
region,London,E12000007,2021-04-01,15578,3160318,57038,499743,13,230
region,London,E12000007,2021-03-31,28811,3144740,46913,442705,8,217
region,London,E12000007,2021-03-30,21406,3115929,32598,395792,12,209
region,London,E12000007,2021-03-29,23587,3094523,18703,363194,3,197
region,London,E12000007,2021-03-28,24729,3070936,7439,344491,0,194
region,London,E12000007,2021-03-27,45384,3046207,14970,337052,4,194
region,London,E12000007,2021-03-26,47745,3000823,24750,322082,4,190
region,London,E12000007,2021-03-25,38525,2953078,28094,297332,10,186
region,London,E12000007,2021-03-24,37647,2914553,29258,269238,10,176
region,London,E12000007,2021-03-23,33574,2876906,17441,239980,10,166
region,London,E12000007,2021-03-22,33431,2843332,7681,222539,7,156
region,London,E12000007,2021-03-21,33242,2809901,2635,214858,2,149
region,London,E12000007,2021-03-20,66028,2776659,6684,212223,2,147
region,London,E12000007,2021-03-19,65186,2710631,12622,205539,9,145
region,London,E12000007,2021-03-18,48300,2645445,15101,192917,6,136
region,London,E12000007,2021-03-17,48585,2597145,11746,177816,4,130
region,London,E12000007,2021-03-16,43490,2548560,9115,166070,3,126
region,London,E12000007,2021-03-15,39170,2505070,4622,156955,2,123
region,London,E12000007,2021-03-14,22069,2465900,2287,152333,2,121
region,London,E12000007,2021-03-13,42982,2443831,4792,150046,1,119
region,London,E12000007,2021-03-12,37631,2400849,8114,145254,15,118
region,London,E12000007,2021-03-11,23153,2363218,6373,137140,2,103
region,London,E12000007,2021-03-10,32677,2340065,7691,130767,6,101
region,London,E12000007,2021-03-09,29261,2307388,7356,123076,5,95
region,London,E12000007,2021-03-08,21765,2278127,3973,115720,4,90
region,London,E12000007,2021-03-07,18840,2256362,946,111747,0,86
region,London,E12000007,2021-03-06,47155,2237522,3435,110801,1,86
region,London,E12000007,2021-03-05,43274,2190367,6510,107366,3,85
region,London,E12000007,2021-03-04,37948,2147093,5958,100856,3,82
region,London,E12000007,2021-03-03,32646,2109145,6049,94898,2,79
region,London,E12000007,2021-03-02,29780,2076499,3804,88849,1,77
region,London,E12000007,2021-03-01,21498,2046719,1948,85045,3,76
region,London,E12000007,2021-02-28,23092,2025221,969,83097,0,73
region,London,E12000007,2021-02-27,50073,2002129,2371,82128,1,73
region,London,E12000007,2021-02-26,55818,1952056,2892,79757,1,72
region,London,E12000007,2021-02-25,57620,1896238,3118,76865,2,71
region,London,E12000007,2021-02-24,54375,1838618,2671,73747,5,69
region,London,E12000007,2021-02-23,45903,1784243,1409,71076,1,64
region,London,E12000007,2021-02-22,23681,1738340,802,69667,0,63
region,London,E12000007,2021-02-21,14810,1714659,142,68865,0,63
region,London,E12000007,2021-02-20,40812,1699849,273,68723,2,63
region,London,E12000007,2021-02-19,46344,1659037,980,68450,3,61
region,London,E12000007,2021-02-18,50404,1612693,1190,67470,4,58
region,London,E12000007,2021-02-17,55486,1562289,922,66280,3,54
region,London,E12000007,2021-02-16,44593,1506803,544,65358,2,51
region,London,E12000007,2021-02-15,25974,1462210,217,64814,1,49
region,London,E12000007,2021-02-14,29127,1436236,63,64597,0,48
region,London,E12000007,2021-02-13,38856,1407109,141,64534,1,48
region,London,E12000007,2021-02-12,49445,1368253,338,64393,1,47
region,London,E12000007,2021-02-11,43731,1318808,600,64055,1,46
region,London,E12000007,2021-02-10,34079,1275077,504,63455,1,45
region,London,E12000007,2021-02-09,30073,1240998,287,62951,0,44
region,London,E12000007,2021-02-08,22510,1210925,154,62664,0,44
region,London,E12000007,2021-02-07,19925,1188415,139,62510,0,44
region,London,E12000007,2021-02-06,36139,1168490,91,62371,0,44
region,London,E12000007,2021-02-05,44650,1132351,171,62280,0,44
region,London,E12000007,2021-02-04,42277,1087701,363,62109,1,44
region,London,E12000007,2021-02-03,37501,1045424,294,61746,0,43
region,London,E12000007,2021-02-02,34605,1007923,227,61452,2,43
region,London,E12000007,2021-02-01,33299,973318,336,61225,0,41
region,London,E12000007,2021-01-31,40105,940019,579,60889,0,41
region,London,E12000007,2021-01-30,48409,899914,361,60310,0,41
region,London,E12000007,2021-01-29,55597,851505,496,59949,0,41
region,London,E12000007,2021-01-28,44060,795908,325,59453,0,41
region,London,E12000007,2021-01-27,35987,751848,162,59128,2,41
region,London,E12000007,2021-01-26,31977,715861,155,58966,0,39
region,London,E12000007,2021-01-25,25217,683884,81,58811,0,39
region,London,E12000007,2021-01-24,22835,658667,104,58730,0,39
region,London,E12000007,2021-01-23,44116,635832,135,58626,0,39
region,London,E12000007,2021-01-22,46747,591716,121,58491,1,39
region,London,E12000007,2021-01-21,37760,544969,816,58370,1,38
region,London,E12000007,2021-01-20,39049,507209,641,57554,0,37
region,London,E12000007,2021-01-19,34065,468160,375,56913,1,37
region,London,E12000007,2021-01-18,15809,434095,203,56538,1,36
region,London,E12000007,2021-01-17,16522,418286,106,56335,0,35
region,London,E12000007,2021-01-16,29421,401764,278,56229,0,35
region,London,E12000007,2021-01-15,39756,372343,742,55951,0,35
region,London,E12000007,2021-01-14,38589,332587,1313,55209,1,35
region,London,E12000007,2021-01-13,30319,293998,1935,53896,1,34
region,London,E12000007,2021-01-12,18037,263679,2517,51961,3,33
region,London,E12000007,2021-01-11,13284,245642,3269,49444,1,30
region,London,E12000007,2021-01-10,11250,232358,5007,46175,2,29
region,London,E12000007,2021-01-09,17480,221108,5812,41168,1,27
region,London,E12000007,2021-01-08,25963,203628,9203,35356,1,26
region,London,E12000007,2021-01-07,21205,177665,10511,26153,2,25
region,London,E12000007,2021-01-06,14544,156460,8690,15642,4,23
region,London,E12000007,2021-01-05,9918,141916,3682,6952,2,19
region,London,E12000007,2021-01-04,4495,131998,702,3270,1,17
region,London,E12000007,2021-01-03,863,127503,97,2568,0,16
region,London,E12000007,2021-01-02,3004,126640,134,2471,0,16
region,London,E12000007,2021-01-01,2939,123636,17,2337,0,16
region,London,E12000007,2020-12-31,12141,120697,322,2320,2,16
region,London,E12000007,2020-12-30,14525,108556,321,1998,1,14
region,London,E12000007,2020-12-29,6954,94031,251,1677,1,13
region,London,E12000007,2020-12-28,1097,87077,0,1426,1,12
region,London,E12000007,2020-12-27,988,85980,1,1426,0,11
region,London,E12000007,2020-12-26,814,84992,1,1425,0,11
region,London,E12000007,2020-12-25,195,84178,1,1424,1,11
region,London,E12000007,2020-12-24,2242,83983,0,1423,0,10
region,London,E12000007,2020-12-23,6046,81741,2,1423,3,10
region,London,E12000007,2020-12-22,6857,75695,25,1421,3,7
region,London,E12000007,2020-12-21,7556,68838,3,1396,1,4
region,London,E12000007,2020-12-20,8803,61282,2,1393,1,3
region,London,E12000007,2020-12-19,6913,52479,0,1391,0,2
region,London,E12000007,2020-12-18,10123,45566,14,1391,0,2
region,London,E12000007,2020-12-17,11430,35443,4,1377,0,2
region,London,E12000007,2020-12-16,10980,24013,5,1373,0,2
region,London,E12000007,2020-12-15,4825,13033,8,1368,1,2
region,London,E12000007,2020-12-14,1359,8208,10,1360,1,1
region,London,E12000007,2020-12-13,44,6849,0,1350,,
region,London,E12000007,2020-12-12,863,6805,0,1350,,
region,London,E12000007,2020-12-11,1433,5942,0,1350,,
region,London,E12000007,2020-12-10,1409,4509,9,1350,,
region,London,E12000007,2020-12-09,878,3100,9,1341,,
region,London,E12000007,2020-12-08,553,2222,7,1332,,
